fips,label,oktmo,region_code
RS01,Адыгея,79000000,79
RS02,Агинский Бурятский округ (Забайкальский край),76000000,76
RS03,Республика Алтай,84000000,84
RS04,Алтайский край,01000000,01
RS05,Амурская область,10000000,10
RS06,Архангельская область,11000000,11
RS07,Астраханская область,12000000,12
RS08,Башкортостан,80000000,80
RS09,Белгородская область,14000000,14
RS10,Брянская область,15000000,15
RS11,Бурятия,81000000,81
RS12,Чечня,96000000,96
RS13,Челябинская область,75000000,75
RS14,Читинская область (Забайкальский край),76000000,76
RS15,Чукотский автономный округ,77000000,77
RS16,Чувашия,97000000,97
RS17,Дагестан,82000000,82
RS19,Ингушетия,26000000,26
RS20,Иркутская область,25000000,25
RS21,Ивановская область,24000000,24
RS22,Кабардино-Балкария,83000000,83
RS23,Калининградская область,27000000,27
RS24,Калмыкия,85000000,85
RS25,Калужская область,29000000,29
RS27,Карачаево-Черкесия,91000000,91
RS28,Карелия,86000000,86
RS29,Кемеровская область,32000000,32
RS30,Хабаровский край,08000000,08
RS31,Хакасия,95000000,95
RS32,Ханты-Мансийский автономный округ — Югра,71800000,718
RS33,Кировская область,33000000,33
RS34,Республика Коми,87000000,87
RS36,Корякский округ,30800000,30
RS37,Костромская область,34000000,34
RS38,Краснодарский край,03000000,03
RS40,Курганская область,37000000,37
RS41,Курская область,38000000,38
RS42,Ленинградская область,41000000,41
RS43,Липецкая область,42000000,42
RS44,Магаданская область,44000000,44
RS45,Марий Эл,88000000,88
RS46,Мордовия,89000000,89
RS47,Московская область,46000000,46
RS48,Москва,45000000,45
RS49,Мурманская область,47000000,47
RS50,Ненецкий автономный округ,11800000,118
RS51,Нижегородская область,22000000,22
RS52,Новгородская область,49000000,49
RS53,Новосибирская область,50000000,50
RS54,Омская область,52000000,52
RS55,Оренбургская область,53000000,53
RS56,Орловская область,54000000,54
RS57,Пензенская область,56000000,56
RS59,Приморский край,05000000,05
RS60,Псковская область,58000000,58
RS61,Ростовская область,60000000,60
RS62,Рязанская область,61000000,61
RS63,Якутия,98000000,98
RS64,Сахалинская область,64000000,64
RS65,Самарская область,36000000,36
RS66,Санкт-Петербург,40000000,40
RS67,Саратовская область,63000000,63
RS68,Северная Осетия — Алания,90000000,90
RS69,Смоленская область,66000000,66
RS70,Ставропольский край,07000000,07
RS71,Свердловская область,65000000,65
RS72,Тамбовская область,68000000,68
RS73,Татарстан,92000000,92
RS75,Томская область,69000000,69
RS76,Тульская область,70000000,70
RS77,Тверская область,28000000,28
RS78,Тюменская область,71000000,71
RS79,Тыва,93000000,93
RS80,Удмуртия,94000000,94
RS81,Ульяновская область,73000000,73
RS83,Владимирская область,17000000,17
RS84,Волгоградская область,18000000,18
RS85,Вологодская область,19000000,19
RS86,Воронежская область,20000000,20
RS87,Ямало-Ненецкий автономный округ,71900000,719
RS88,Ярославская область,78000000,78
RS89,Еврейская автономная область,99000000,99
RS90,Пермский край,57000000,57
RS91,Красноярский край,04000000,04
RS92,Камчатский край,30000000,30
UP11,Республика Крым (FIPS Украины),35000000,35
UP20,Севастополь (FIPS Украины),67000000,67
RS18,Эвенкийский АО (вошёл в Красноярский край 2007-01-01),04000000,04
RS26,Корякский АО (вошёл в Камчатский край 2007-07-01),30000000,30
RS35,Коми-Пермяцкий АО (вошёл в Пермский край 2005-12-01),57000000,57
RS39,Красноярский край (прежний код FIPS),04000000,04
RS58,Пермская область (вошла в Пермский край 2005-12-01),57000000,57
RS74,Таймырский АО (вошёл в Красноярский край 2007-01-01),04000000,04
RS82,Усть-Ордынский Бурятский АО (вошёл в Иркутскую область 2008-01-01),25000000,25
RS93,Забайкальский край (код FIPS объединённого края),76000000,76
RSCI,"Чечня (код GDELT; определён по координатам событий — район Грозного)",96000000,96
RSJA,"Курильские острова (код GDELT RS+JA; определён по координатам — Сахалинская область)",64000000,64
