item,oktmo,label
Q5942,01000000,Алтайский край
Q2156425,01601000,Алейский район
Q1765130,01602000,Алтайский район
Q1654138,01603000,Баевский район
Q1654216,01604000,Бийский район
Q1822340,01605000,Благовещенский район
Q780044,01606000,Бурлинский район
Q1654202,01607000,Быстроистокский район
Q1822648,01608000,Волчихинский район
Q1765135,01609000,Егорьевский район
Q1654241,01610000,Ельцовский район
Q1822321,01611000,Завьяловский район
Q4023887,01613000,Заринский район
Q1822609,01614000,Змеиногорский район
Q1654282,01615000,Калманский район
Q1822298,01616000,Каменский район
Q1654097,01617000,Ключевский район
Q1654174,01618000,Косихинский район
Q851505,01619000,Красногорский район
Q1654105,01620000,Краснощёковский район
Q762733,01621000,Крутихинский район
Q223670,01622000,Кулундинский район
Q1654085,01623000,Курьинский район
Q1654152,01624000,Кытмановский район
Q1654185,01625000,Локтевский район
Q1822311,01626000,Мамонтовский район
Q1762890,01627000,Михайловский район
Q1654569,01628000,Новичихинский район
Q1822673,01629000,Зональный район
Q1962843,01630000,Павловский район
Q1654514,01631000,Панкрушихинский район
Q1761415,01632000,Первомайский район
Q3901094,01633000,Петропавловский район
Q1822756,01634000,Поспелихинский район
Q1822738,01635000,Ребрихинский район
Q1822718,01636000,Родинский район
Q3940734,01637000,Романовский район
Q1822641,01638000,Рубцовский район
Q3963044,01640000,Смоленский район
Q1822708,01641000,Суетский район
Q3965669,01642000,Советский район
Q1822656,01643000,Солонешенский район
Q1822633,01644000,Солтонский район
Q1822578,01645000,Шелаболихинский район
Q1822601,01646000,Табунский район
Q1822748,01647000,Тальменский район
Q1822627,01648000,Тогульский район
Q1822666,01649000,Топчихинский район
Q1822763,01650000,Третьяковский район
Q3999620,01651000,Троицкий район
Q1822589,01652000,Тюменцевский район
Q1822287,01653000,Угловский район
Q1822681,01654000,Усть-Калманский район
Q1822727,01655000,Усть-Пристанский район
Q853544,01656000,Хабарский район
Q1980543,01657000,Целинный район
Q1654227,01658000,Чарышский район
Q1822618,01659000,Шипуновский район
Q114458,01660000,Немецкий национальный район
Q37804109,01701000,город Барнаул
Q27129172,01703000,Город Алейск
Q27131131,01704000,Городской округ город Белокуриха
Q16022409,01705000,город Бийск
Q27131293,01706000,городской округ Заринск
Q27131104,01713000,Город Новоалтайск
Q27131128,01716000,Город Рубцовск
Q27131378,01719000,город Славгород
Q27131294,01730000,Городской округ город Яровое
Q27131386,01755000,Посёлок Сибирский
Q97663654,02000000,Сириус
Q3680,03000000,Краснодарский край
Q261493,03555000,Туапсинский район
Q480284,03601000,Абинский район
Q516643,03605000,Апшеронский район
Q554485,03607000,Белоглинский район
Q792508,03608000,Белореченский район
Q849924,03610000,Брюховецкий район
Q918955,03612000,Выселковский район
Q737616,03613000,Гулькевичский район
Q850947,03614000,Динской район
Q282886,03616000,Ейский район
Q773858,03618000,Кавказский район
Q918198,03619000,Калининский район
Q919005,03620000,Каневской район
Q918606,03621000,Кореновский район
Q918201,03623000,Красноармейский район
Q919047,03624000,Крыловский район
Q280458,03625000,Крымский район
Q918134,03627000,Курганинский район
Q1035800,03628000,Кущёвский район
Q918262,03630000,Лабинский район
Q918992,03632000,Ленинградский район
Q1035834,03633000,Мостовский район
Q569794,03634000,Новокубанский район
Q919023,03635000,Новопокровский район
Q925845,03637000,Отрадненский район
Q854601,03639000,Павловский район
Q918583,03641000,Приморско-Ахтарский район
Q606229,03643000,Северский район
Q594261,03645000,Славянский район
Q250512,03647000,Староминский район
Q918129,03649000,Тбилисский район
Q390040,03651000,Темрюкский район
Q918600,03653000,Тимашёвский район
Q655694,03654000,Тихорецкий район
Q918593,03656000,Успенский район
Q918274,03657000,Усть-Лабинский район
Q918981,03659000,Щербиновский район
Q4307501,03701000,муниципальное образование город Краснодар
Q2025368,03703000,Муниципальное образование город-курорт Анапа
Q4307500,03705000,Муниципальное образование город Армавир
Q4307497,03708000,Геленджик
Q4307502,03709000,муниципальный округ Горячий Ключ
Q4307505,03720000,Муниципальное образование город Новороссийск
Q3085607,03726000,Муниципальное образование город-курорт Сочи
Q6563,04000000,Красноярский край
Q109986260,04555000,Тюхтетский округ
Q373878,04558000,Шарыповский район
Q479280,04601000,Абанский район
Q251510,04603000,Ачинский район
Q743428,04604000,Балахтинский район
Q793500,04605000,Берёзовский район
Q775937,04606000,Бирилюсский район
Q833435,04608000,Боготольский район
Q427552,04609000,Богучанский район
Q834172,04610000,Большемуртинский район
Q40243,04611000,Большеулуйский район
Q11121576,04613000,Дзержинский район
Q575472,04614000,Емельяновский район
Q575475,04615000,Енисейский район
Q2109898,04616000,Ермаковский район
Q241914,04617000,Идринский район
Q269288,04618000,Иланский район
Q643768,04619000,Ирбейский район
Q1613562,04620000,Казачинский район
Q2109878,04621000,Канский район
Q262624,04622000,Каратузский район
Q285506,04624000,Кежемский район
Q2109903,04626000,Козульский район
Q2109891,04628000,Краснотуранский район
Q2110368,04630000,Курагинский район
Q2156434,04631000,Манский район
Q2157152,04633000,Минусинский район
Q2156595,04635000,Мотыгинский район
Q919150,04637000,Назаровский район
Q2157145,04639000,Нижнеингашский район
Q2157137,04641000,Новосёловский район
Q1617010,04643000,Партизанский район
Q1617317,04645000,Пировский район
Q2156876,04647000,Рыбинский район
Q918200,04648000,Саянский район
Q1614824,04649000,Северо-Енисейский район
Q831406,04650000,Эвенкийский район
Q649611,04651000,Сухобузимский район
Q2156445,04652000,Тасеевский район
Q302113,04653000,Таймырский Долгано-Ненецкий район
Q2156680,04654000,Туруханский район
Q1614814,04655000,Тюхтетский район
Q744791,04656000,Ужурский район
Q918951,04657000,Уярский район
Q918140,04659000,Шушенский район
Q18405934,04701000,Городской округ город Красноярск
Q19908732,04703000,Городской округ город Ачинск
Q19908737,04706000,Городской округ город Боготол
Q19908741,04707000,Городской округ город Бородино
Q18405927,04709000,Городской округ город Дивногорск
Q19908755,04712000,Городской округ город Енисейск
Q18405931,04720000,Городской округ город Канск
Q18405936,04722000,Городской округ город Лесосибирск
Q19908757,04723000,Городской округ город Минусинск
Q17333582,04726000,Городской округ город Назарово
Q17333575,04729000,Городской округ город Норильск
Q17333562,04733000,Городской округ город Сосновоборск
Q18407843,04735000,Городской округ ЗАТО Железногорск
Q18407845,04737000,ЗАТО Зеленогорск
Q18405949,04740000,Городской округ город Шарыпово
Q18405953,04775000,Городской округ посёлок Кедровый
Q20089984,04780000,ЗАТО Солнечный
Q4341,05000000,Приморский край
Q3698903,05534000,Пожарский муниципальный округ
Q1651662,05555000,Чугуевский район
Q772911,05602000,Анучинский муниципальный округ
Q832110,05607000,Дальнереченский район
Q571049,05610000,Кавалеровский район
Q744256,05612000,Кировский район
Q620293,05614000,Красноармейский муниципальный округ
Q749233,05617000,Лазовский район
Q716435,05620000,Михайловский муниципальный округ
Q29138,05623000,Надеждинский район
Q3578549,05626000,Октябрьский район
Q2219990,05628000,Ольгинский район
Q3831527,05630000,Партизанский муниципальный район
Q1884643,05632000,Пограничный район
Q3966071,05637000,Спасский район
Q2355460,05640000,Тернейский район
Q904381,05646000,Ханкайский муниципальный округ
Q1336217,05648000,Хасанский муниципальный округ
Q3578556,05650000,Хорольский район
Q1651498,05653000,Черниговский район
Q1655485,05657000,Шкотовский муниципальный округ
Q3831496,05659000,Яковлевский муниципальный округ
Q4112963,05701000,Владивостокский городской округ
Q18399629,05703000,Арсеньевский городской округ
Q4070448,05705000,Артёмовский городской округ
Q10740512,05706000,Городской округ Большой Камень
Q4154251,05707000,Дальнегорский городской округ
Q17333484,05708000,Дальнереченский городской округ
Q4259890,05711000,Лесозаводский городской округ
Q4314735,05714000,Находкинский городской округ
Q18936345,05717000,Партизанский городской округ
Q18401237,05720000,Городской округ Спасск-Дальний
Q4478127,05723000,Уссурийский городской округ
Q4182134,05747000,ЗАТО Фокино
Q5207,07000000,Ставропольский край
Q1255247,07510000,Благодарненский городской округ
Q1253510,07558000,Шпаковский муниципальный округ
Q2217215,07602000,Александровский район
Q1255190,07605000,Апанасенковский район
Q1254397,07607000,Арзгирский район
Q1254381,07612000,Будённовский район
Q1254433,07615000,Георгиевский городской округ
Q1253773,07617000,Грачёвский муниципальный округ
Q1253486,07620000,Изобильненский район
Q1254794,07628000,Кочубеевский район
Q2470618,07630000,Красногвардейский муниципальный округ
Q1884305,07632000,Андроповский район
Q1253843,07633000,Курский район
Q1255230,07636000,Левокумский район
Q1253743,07641000,Нефтекумский городской округ
Q1254657,07644000,Новоселицкий район
Q1771856,07646000,Петровский район
Q1255181,07648000,Предгорный район
Q2639954,07650000,Советский район
Q1254412,07652000,Степновский район
Q1254970,07654000,Труновский муниципальный округ
Q1253525,07656000,Туркменский район
Q23043627,07701000,Город Ставрополь
Q23043628,07707000,Городской округ город Георгиевск
Q23043647,07710000,Город-курорт Ессентуки
Q23043648,07712000,Город-курорт Железноводск
Q1254424,07714000,Ипатовский муниципальный округ
Q4145647,07715000,Город-курорт Кисловодск
Q2429108,07716000,Кировский муниципальный округ
Q23043649,07718000,Город Лермонтов
Q1254847,07721000,Минераловодский район
Q14506936,07724000,Город Невинномысск
Q1254978,07726000,Новоалександровский городской округ
Q19911052,07727000,Муниципальное образование город-курорт Пятигорск
Q7788,08000000,Хабаровский край
Q697536,08603000,Амурский район
Q554353,08606000,Аяно-Майский район
Q794911,08609000,Бикинский район
Q919180,08612000,Ванинский район
Q826648,08614000,Верхнебуреинский район
Q1414439,08617000,Вяземский район
Q851212,08620000,Комсомольский район
Q853510,08624000,район имени Лазо
Q1042857,08628000,Нанайский район
Q736550,08631000,Николаевский район
Q642994,08634000,Охотский район
Q826667,08637000,район имени Полины Осипенко
Q278423,08642000,Советско-Гаванский район
Q826675,08644000,Солнечный район
Q922988,08646000,Тугуро-Чумиканский район
Q1094036,08650000,Ульчский район
Q826690,08655000,Хабаровский район
Q27517125,08701000,Городской округ город Хабаровск
Q27517127,08709000,Городской округ город Комсомольск-на-Амуре
Q6886,10000000,Амурская область
Q2217182,10605000,Архаринский муниципальный округ
Q731716,10608000,Белогорский район
Q1763289,10611000,Благовещенский район
Q2217150,10615000,Бурейский муниципальный округ
Q602096,10621000,Завитинский район
Q2218658,10625000,Зейский район
Q1763275,10628000,Ивановский район
Q1766045,10630000,Константиновский район
Q2216735,10631000,Магдагачинский район
Q2216750,10632000,Мазановский район
Q1763294,10635000,Михайловский район
Q1763307,10638000,Октябрьский район
Q955346,10640000,Ромненский район
Q2218102,10642000,Свободненский район
Q2218626,10645000,Селемджинский район
Q2218588,10647000,Серышевский муниципальный округ
Q2218597,10649000,Сковородинский муниципальный округ
Q1761129,10651000,Тамбовский муниципальный округ
Q2218142,10654000,Тындинский район
Q2218125,10655000,Шимановский район
Q10740329,10701000,городской округ Благовещенск
Q18405920,10710000,Городской округ город Белогорск
Q27518798,10712000,Городской округ город Зея
Q17266393,10720000,Городской округ город Райчихинск
Q27518800,10730000,Городской округ город Свободный
Q27518801,10732000,Городской округ город Тында
Q27518805,10740000,Городской округ город Шимановск
Q17266402,10775000,Городской округ Прогресс
Q1875,11000000,Архангельская область
Q2600998,11508000,Верхнетоемский муниципальный округ
Q2601494,11527000,Котласский район
Q1463194,11544000,Няндомский район
Q96178450,11552000,Приморский муниципальный округ
Q1402861,11605000,Вельский район
Q222840,11611000,Вилегодский район
Q2601472,11614000,Виноградовский район
Q1807671,11618000,Каргопольский муниципальный округ
Q257367,11622000,Коношский район
Q2601504,11630000,Красноборский район
Q2722857,11635000,Ленский район
Q2600622,11638000,Лешуконский район
Q2600629,11642000,Мезенский муниципальный округ
Q2468335,11646000,Онежский район
Q2607358,11648000,Пинежский район
Q2607262,11652000,Приморский район
Q2607218,11654000,Устьянский район
Q1109990,11656000,Холмогорский район
Q204256,11658000,Шенкурский муниципальный округ
Q4307175,11701000,Городской округ Архангельск
Q27526346,11708000,Муниципальное образование «Коряжма»
Q4307263,11710000,Городской округ Котлас
Q4307309,11712000,Муниципальное образование «Новая Земля»
Q4307310,11715000,Новодвинск (городской округ)
Q19910843,11725000,ЗАТО Мирный
Q4307388,11730000,Муниципальное образование «Северодвинск»
Q2164,11800000,Ненецкий автономный округ
Q1364436,11811000,Заполярный район
Q19614575,11851000,Городской округ Нарьян-Мар
Q3941,12000000,Астраханская область
Q2641435,12605000,Ахтубинский район
Q1764301,12610000,Володарский район
Q2218187,12615000,Енотаевский район
Q2216764,12620000,Икрянинский район
Q2216922,12625000,Камызякский район
Q1764314,12630000,Красноярский район
Q890394,12635000,Лиманский район
Q1654640,12640000,Наримановский район
Q1765366,12642000,Приволжский район
Q2216721,12645000,Харабалинский район
Q2217162,12650000,Черноярский район
Q27532708,12701000,Городской округ город Астрахань
Q27532711,12719000,Городской округ Знаменск
Q3329,14000000,Белгородская область
Q552936,14605000,Алексеевский район
Q2216635,14610000,Белгородский район
Q2216168,14615000,Борисовский район
Q246832,14625000,Вейделевский район
Q2218638,14630000,Волоконовский район
Q2216907,14632000,Грайворонский район
Q2217227,14638000,Ивнянский район
Q2216782,14640000,Корочанский район
Q2217383,14641000,Красненский район
Q1763299,14642000,Красногвардейский район
Q2217171,14643000,Краснояружский район
Q2217141,14644000,Новооскольский район
Q2218569,14646000,Прохоровский район
Q2218216,14648000,Ракитянский район
Q552923,14650000,Ровеньский район
Q2216704,14654000,Чернянский район
Q1768315,14658000,Яковлевский район
Q27532780,14701000,Городской округ город Белгород
Q918963,14720000,Валуйский район
Q4151434,14730000,Губкинский городской округ
Q1653745,14740000,Старооскольский район
Q2810,15000000,Брянская область
Q98085317,15501000,Стародубский муниципальный округ
Q2545989,15604000,Брасовский район
Q2534488,15608000,Брянский район
Q2534501,15610000,Выгоничский район
Q2708342,15611000,Гордеевский район
Q2717120,15612000,Дубровский район
Q2737405,15616000,Дятьковский район
Q2708312,15620000,Жирятинский район
Q2628016,15622000,Жуковский муниципальный округ
Q2708286,15623000,Злынковский район
Q2708362,15624000,Карачевский район
Q2708368,15626000,Клетнянский район
Q2708316,15628000,Климовский район
Q2737400,15630000,Клинцовский район
Q2708373,15632000,Комаричский район
Q2628244,15634000,Красногорский район
Q2708381,15636000,Мглинский район
Q952845,15638000,Навлинский район
Q2717125,15642000,Погарский район
Q2708394,15644000,Почепский район
Q2709719,15646000,Рогнединский район
Q2708354,15648000,Севский район
Q2708348,15652000,Суземский район
Q2708294,15654000,Суражский район
Q2708335,15656000,Трубчевский район
Q1069990,15658000,Унечский район
Q27532884,15701000,Городской округ город Брянск
Q27532893,15710000,Городской округ город Фокино
Q4223943,15715000,Городской округ город Клинцы
Q27532886,15720000,Городской округ город Новозыбков
Q27532888,15725000,Городской округ город Сельцо
Q27532891,15750000,Городской округ город Стародуб
Q2702,17000000,Владимирская область
Q2216797,17605000,Александровский район
Q2218202,17610000,Вязниковский район
Q1652032,17615000,Гороховецкий район
Q1651606,17620000,Гусь-Хрустальный район
Q1652618,17625000,Камешковский район
Q266987,17630000,Киржачский район
Q1652584,17635000,Ковровский район
Q1652854,17640000,Кольчугинский район
Q1646646,17642000,Меленковский муниципальный округ
Q2218521,17644000,Муромский район
Q1654411,17646000,Петушинский район
Q1654438,17648000,Селивановский район
Q617420,17650000,Собинский район
Q1655452,17652000,Судогодский район
Q1655421,17654000,Суздальский район
Q3811360,17656000,Юрьев-Польский район
Q16678583,17701000,город Владимир
Q16678585,17720000,городской округ Гусь-Хрустальный
Q27532908,17725000,Городской округ город Ковров
Q6938825,17735000,Городской округ Муром
Q27532911,17737000,ЗАТО город Радужный
Q3819,18000000,Волгоградская область
Q2226130,18602000,Алексеевский район
Q1651384,18604000,Быковский район
Q3773581,18605000,Городищенский район
Q3702216,18606000,Даниловский район
Q262922,18608000,Дубовский район
Q1651977,18610000,Еланский район
Q1658689,18612000,Жирновский район
Q1652004,18614000,Иловлинский район
Q1652841,18616000,Калачёвский район
Q2222004,18618000,Камышинский район
Q1653091,18620000,Киквидзенский район
Q1652490,18622000,Клетский район
Q554418,18624000,Котельниковский район
Q1652637,18626000,Котовский район
Q3830180,18630000,Ленинский район
Q1653581,18634000,Нехаевский район
Q3876924,18636000,Николаевский район
Q1884287,18638000,Новоаннинский район
Q1653219,18640000,Новониколаевский район
Q3881420,18642000,Октябрьский район
Q1654525,18643000,Ольховский район
Q1654848,18645000,Палласовский район
Q1652535,18646000,Кумылженский район
Q3942257,18647000,Руднянский район
Q1655512,18649000,Светлоярский район
Q1653988,18650000,Серафимовичский район
Q1655583,18651000,Среднеахтубинский район
Q1655762,18652000,Старополтавский район
Q1655777,18653000,Суровикинский район
Q1658344,18654000,Урюпинский район
Q600611,18656000,Фроловский район
Q1652041,18658000,Чернышковский район
Q19908746,18701000,город Волгоград
Q27537299,18710000,город Волжский
Q27537301,18715000,Городской округ город Камышин
Q4297662,18720000,муниципальный округ Михайловка
Q27537302,18725000,Городской округ город Урюпинск
Q16638680,18728000,Городской округ город Фролово
Q2015,19000000,Вологодская область
Q2217266,19530000,Кичменгско-Городецкий район
Q1326286,19605000,Бабаевский район
Q3632415,19608000,Бабушкинский район
Q1772048,19610000,Белозерский муниципальный округ
Q2218428,19612000,Вашкинский район
Q1658607,19614000,Великоустюгский район
Q2217962,19616000,Верховажский район
Q2218459,19618000,Вожегодский район
Q1658617,19620000,Вологодский район
Q540999,19622000,Вытегорский район
Q1652017,19624000,Грязовецкий район
Q370727,19626000,Кадуйский район
Q2216860,19628000,Кирилловский муниципальный район
Q3855898,19632000,Междуреченский район
Q3876906,19634000,Никольский район
Q2217241,19636000,Нюксенский район
Q3964155,19638000,Сокольский район
Q2217973,19640000,Сямженский район
Q2627848,19642000,Тарногский район
Q1655824,19646000,Тотемский район
Q2217917,19648000,Усть-Кубинский муниципальный округ
Q2627920,19650000,Устюженский район
Q1652848,19652000,Харовский район
Q2722310,19654000,Чагодощенский район
Q2216969,19656000,Череповецкий район
Q513890,19658000,Шекснинский район
Q27538319,19701000,Город Вологда
Q27538324,19730000,Городской округ город Череповец
Q3447,20000000,Воронежская область
Q1650963,20602000,Аннинский район
Q832764,20604000,Бобровский район
Q686486,20605000,Богучарский район
Q1651081,20608000,Бутурлиновский район
Q1658652,20610000,Верхнемамонский район
Q1656127,20611000,Верхнехавский район
Q4016457,20612000,Воробьёвский район
Q264578,20613000,Грибановский район
Q3812567,20615000,Калачеевский район
Q3812685,20617000,Каменский район
Q1652710,20619000,Кантемировский район
Q3814199,20620000,Каширский район
Q1652789,20621000,Лискинский район
Q1653589,20623000,Нижнедевицкий район
Q1654862,20625000,Новоусманский район
Q3879092,20627000,Новохопёрский район
Q2003555,20629000,Ольховатский район
Q1653925,20631000,Острогожский район
Q3898356,20633000,Павловский район
Q1884296,20635000,Панинский район
Q3901092,20637000,Петропавловский район
Q1654021,20639000,Поворинский район
Q1653945,20641000,Подгоренский район
Q1654556,20643000,Рамонский район
Q3933139,20645000,Репьёвский район
Q1654431,20647000,Россошанский район
Q1654015,20649000,Семилукский район
Q1655818,20651000,Таловский район
Q1655750,20654000,Терновский район
Q1970230,20656000,Хохольский район
Q4025627,20658000,Эртильский район
Q27538353,20701000,город Воронеж
Q3642634,20710000,Борисоглебский городской округ
Q27538354,20727000,Городской округ город Нововоронеж
Q2246,22000000,Нижегородская область
Q1658646,22514000,Вадский муниципальный округ
Q1658660,22518000,Ветлужский район
Q1654652,22545000,Пильнинский район
Q1654853,22548000,Сергачский район
Q1654623,22549000,Сеченовский район
Q3266296,22602000,Ардатовский район
Q1650986,22603000,Арзамасский район
Q1651511,22605000,Балахнинский муниципальный округ
Q3641599,22607000,Богородский район
Q3014094,22609000,Большеболдинский район
Q3266281,22610000,Большемурашкинский район
Q1651491,22612000,Бутурлинский район
Q1656102,22615000,Варнавинский муниципальный округ
Q1658305,22617000,Вачский район
Q1658625,22619000,Вознесенский район
Q2217438,22621000,Воротынский район
Q4016490,22622000,Воскресенский район
Q1652025,22626000,Гагинский район
Q1642240,22628000,Городецкий район
Q3700969,22630000,Дальнеконстантиновский район
Q4016262,22631000,Володарский район
Q961410,22632000,Дивеевский район
Q1653045,22633000,Княгининский район
Q1652762,22634000,Ковернинский муниципальный округ
Q1652558,22635000,Краснобаковский район
Q1958573,22636000,Краснооктябрьский район
Q1652869,22637000,Кстовский район
Q1652732,22639000,Лукояновский район
Q1653020,22640000,Лысковский район
Q905450,22642000,Павловский район
Q1653941,22644000,Перевозский район
Q3909788,22646000,Починковский район
Q3965141,22650000,Сосновский район
Q3966067,22651000,Спасский муниципальный округ
Q1655393,22652000,Тонкинский район
Q3993335,22653000,Тоншаевский район
Q763583,22654000,Уренский район
Q1655429,22656000,Шарангский район
Q1656169,22657000,Шатковский район
Q23898959,22701000,Город Нижний Новгород
Q27546988,22703000,городской округ Арзамас
Q27546996,22704000,Городской округ ЗАТО город Саров
Q3642765,22712000,Городской округ город Бор
Q1903066,22715000,Городской округ город Выкса
Q3716931,22721000,Городской округ город Дзержинск
Q1869413,22727000,Городской округ город Кулебаки
Q655793,22730000,Городской округ Навашинский
Q3900624,22734000,Городской округ город Первомайск
Q3955158,22737000,Городской округ Семёновский
Q3964154,22749000,Городской округ Сокольский
Q534197,22755000,Городской округ город Чкаловск
Q1903130,22758000,Городской округ город Шахунья
Q2654,24000000,Ивановская область
Q2218553,24601000,Вичугский район
Q1973849,24602000,Верхнеландеховский район
Q529936,24603000,Гаврилово-Посадский район
Q4023913,24605000,Заволжский район
Q2389520,24607000,Ивановский район
Q1774547,24609000,Ильинский район
Q2218506,24611000,Кинешемский район
Q3816332,24613000,Комсомольский район
Q2219061,24614000,Лежневский район
Q2218581,24615000,Лухский район
Q2219067,24617000,Палехский район
Q2218566,24619000,Пестяковский район
Q3922195,24620000,Приволжский район
Q733424,24621000,Пучежский район
Q2218592,24623000,Родниковский район
Q2218618,24625000,Савинский район
Q2219087,24629000,Тейковский район
Q2222149,24631000,Фурмановский район
Q2219098,24633000,Шуйский район
Q1658621,24635000,Южский район
Q1568615,24637000,Юрьевецкий район
Q27547037,24701000,Городской округ город Иваново
Q27547036,24703000,городской округ Вичуга
Q27547039,24705000,Городской округ Кинешма
Q27547041,24706000,Городской округ город Кохма
Q27547044,24707000,Городской округ Тейково
Q27547046,24711000,Городской округ город Шуя
Q6585,25000000,Иркутская область
Q1650957,25601000,Балаганский район
Q1651087,25602000,Бодайбинский район
Q1651389,25604000,Братский район
Q940996,25605000,Аларский район
Q1658434,25606000,Жигаловский район
Q1651119,25607000,Баяндаевский район
Q1658361,25608000,Заларинский район
Q1651077,25609000,Боханский район
Q1658402,25610000,Зиминский район
Q1653084,25612000,Иркутский район
Q525553,25614000,Казачинско-Ленский район
Q2216939,25616000,Катангский район
Q1652525,25618000,Качугский район
Q1653013,25620000,Киренский район
Q1652798,25622000,Куйтунский район
Q1653076,25624000,Мамско-Чуйский район
Q1653255,25626000,Нижнеилимский район
Q2217289,25628000,Нижнеудинский район
Q1653934,25629000,Нукутский район
Q1654403,25630000,Ольхонский район
Q3886549,25631000,Осинский район
Q2217090,25634000,Слюдянский район
Q1655792,25636000,Тайшетский район
Q1655502,25638000,Тулунский район
Q4006638,25640000,Усольский район
Q1658299,25642000,Усть-Илимский район
Q1656206,25644000,Усть-Кутский район
Q2219403,25646000,Усть-Удинский муниципальный округ
Q1651996,25648000,Черемховский район
Q1652079,25650000,Чунский район
Q1655476,25655000,Шелеховский район
Q1651989,25657000,Эхирит-Булагатский район
Q27551718,25701000,Городской округ «город Иркутск»
Q1634174,25703000,Ангарский городской округ
Q27551771,25714000,Муниципальное образование города Братска
Q27551762,25720000,Зиминское городское муниципальное образование
Q27551728,25726000,городской округ Саянск
Q19908770,25732000,Городской округ город Тулун
Q27551781,25736000,городской округ Усолье-Сибирское
Q27551738,25738000,городской округ Усть-Илимск
Q23898958,25745000,Городской округ Черемхово
Q27551792,25746000,Свирское муниципальное образование
Q5219,26000000,Ингушетия
Q1070555,26605000,Назрановский район
Q224822,26610000,Сунженский район
Q1045026,26615000,Малгобекский район
Q717151,26620000,Джейрахский район
Q16638654,26701000,Городской округ Магас
Q15617410,26706000,Городской округ город Назрань
Q16638637,26710000,Городской округ город Карабулак
Q16638659,26715000,Городской округ город Малгобек
Q86102408,26720000,Городской округ город Сунжа
Q1749,27000000,Калининградская область
Q126427,27527000,Славский район
Q76782,27605000,Балтийский район
Q80300,27621000,Неманский район
Q80298,27624000,Нестеровский район
Q126421,27633000,Правдинский муниципальный округ
Q27554528,27701000,Городской округ Калининград
Q76783,27706000,Гвардейский городской округ
Q76786,27707000,Гурьевский муниципальный округ
Q80295,27709000,Гусевский городской округ
Q2327532,27711000,Ладушкинский городской округ
Q1361545,27712000,Мамоновский городской округ
Q80296,27716000,Озёрский городской округ
Q4363161,27717000,Пионерский городской округ
Q126425,27718000,Полесский район
Q27554534,27719000,Правдинский городской округ
Q2327545,27725000,Светловский городской округ
Q4426439,27730000,Советский городской округ
Q1795076,27740000,Янтарный городской округ
Q2292,28000000,Тверская область
Q65133666,28510000,Весьегонский муниципальный округ
Q116641236,28528000,Кимрский муниципальный округ
Q394722,28538000,Лихославльский муниципальный округ
Q394718,28547000,Рамешковский район
Q45605,28548000,Ржевский муниципальный округ
Q394872,28550000,Селижаровский район
Q394761,28552000,Спировский район
Q2711843,28602000,Андреапольский район
Q2624164,28604000,Бежецкий район
Q394751,28606000,Бельский муниципальный округ
Q1116052,28608000,Бологовский район
Q2218449,28612000,Вышневолоцкий район
Q2217934,28614000,Жарковский район
Q2627820,28616000,Западнодвинский район
Q2218003,28618000,Зубцовский район
Q2373788,28620000,Калининский район
Q2624142,28622000,Калязинский район
Q368518,28624000,Кашинский городской округ
Q394711,28626000,Кесовогорский муниципальный округ
Q394616,28630000,Конаковский район
Q394767,28632000,Краснохолмский район
Q394688,28634000,Кувшиновский район
Q394684,28636000,Лесной муниципальный округ
Q394904,28640000,Максатихинский муниципальный округ
Q394896,28642000,Молоковский район
Q394724,28643000,Нелидовский муниципальный округ
Q394634,28644000,Оленинский муниципальный округ
Q394894,28645000,Осташковский муниципальный округ
Q394876,28646000,Пеновский муниципальный округ
Q394639,28649000,Сандовский район
Q369204,28651000,Сонковский муниципальный округ
Q394622,28653000,Старицкий район
Q394891,28654000,Торжокский район
Q394729,28655000,Торопецкий район
Q257810,28656000,Удомельский район
Q394882,28657000,Фировский район
Q27557948,28714000,Вышневолоцкий городской округ
Q2842,29000000,Калужская область
Q1650953,29602000,Бабынинский район
Q1651099,29604000,Барятинский район
Q12015831,29606000,Боровский район
Q1777256,29608000,Дзержинский район
Q1651591,29610000,Думиничский район
Q1658389,29612000,Жиздринский район
Q4025782,29613000,Жуковский район
Q3815609,29614000,Кировский район
Q1652570,29615000,Износковский район
Q1652697,29616000,Козельский район
Q3817307,29618000,Куйбышевский район
Q1652627,29620000,Людиновский район
Q12226786,29623000,Малоярославецкий район
Q1652607,29625000,Медынский район
Q378847,29627000,Мещовский район
Q1653568,29629000,Мосальский район
Q1654633,29632000,Перемышльский район
Q1655564,29634000,Спас-Деменский район
Q1656160,29636000,Сухиничский район
Q1655715,29638000,Тарусский район
Q4003010,29642000,Ульяновский район
Q1651594,29644000,Ферзиковский район
Q1652822,29646000,Хвастовичский район
Q1658322,29650000,Юхновский район
Q20089985,29701000,городской округ Калуга
Q27558920,29715000,Городской округ город Обнинск
Q7948,30000000,Камчатский край
Q621449,30601000,Алеутский район
Q542009,30604000,Быстринский район
Q1042558,30607000,Елизовский район
Q539619,30610000,Мильковский район
Q918203,30613000,Соболевский район
Q766227,30616000,Усть-Большерецкий район
Q263933,30619000,Усть-Камчатский район
Q27559915,30701000,Городской округ город Петропавловск-Камчатский
Q27559913,30735000,Вилючинский городской округ
Q204809,30800000,Корякский округ
Q1042648,30824000,Карагинский район
Q690756,30827000,Олюторский район
Q747718,30829000,Пенжинский район
Q1042950,30832000,Тигильский район
Q27559918,30851000,городской округ Палана
Q6076,32000000,Кемеровская область
Q923712,32546000,Яшкинский район
Q1651486,32601000,Беловский район
Q3779840,32602000,Гурьевский муниципальный округ
Q1652886,32604000,Ижморский район
Q1652878,32607000,Кемеровский район
Q1652716,32610000,Крапивинский район
Q1652683,32613000,Ленинск-Кузнецкий район
Q1653424,32616000,Мариинский район
Q904732,32619000,Новокузнецкий район
Q840914,32622000,Прокопьевский район
Q1654462,32625000,Промышленновский муниципальный округ
Q1655539,32627000,Таштагольский район
Q1655783,32628000,Тисульский район
Q1656190,32631000,Топкинский район
Q1655843,32634000,Тяжинский район
Q1651481,32637000,Чебулинский район
Q2912382,32640000,Юргинский район
Q1658677,32643000,Яйский район
Q27566164,32701000,Кемеровский городской округ
Q19907030,32704000,Анжеро-Судженский городской округ
Q16015395,32707000,Беловский городской округ
Q19907536,32710000,Берёзовский городской округ
Q4210345,32715000,Калтанский городской округ
Q19618120,32716000,Киселёвский городской округ
Q19618847,32719000,Ленинск-Кузнецкий городской округ
Q4288639,32725000,Междуреченский городской округ
Q19610844,32728000,Мысковский городской округ
Q27566173,32731000,Новокузнецкий городской округ
Q19907164,32732000,Полысаевский городской округ
Q19907019,32734000,Осинниковский городской округ
Q27566178,32737000,Прокопьевский городской округ
Q19645128,32740000,Тайгинский городской округ
Q27566181,32749000,Юргинский городской округ
Q20089986,32751000,Краснобродский городской округ
Q5387,33000000,Кировская область
Q2218676,33531000,Пижанский муниципальный округ
Q2641054,33533000,Санчурский район
Q2640717,33602000,Арбажский муниципальный округ
Q2723543,33603000,Афанасьевский район
Q2220446,33605000,Белохолуницкий район
Q1777123,33606000,Богородский район
Q387052,33607000,Верхнекамский район
Q2219955,33608000,Верхошижемский район
Q2632849,33610000,Вятскополянский район
Q1973876,33612000,Даровской район
Q2631579,33614000,Зуевский район
Q2641038,33616000,Кикнурский район
Q2641013,33617000,Кильмезский район
Q973848,33618000,Кирово-Чепецкий район
Q2632833,33619000,Котельничский район
Q1652778,33620000,Кумёнский район
Q584394,33621000,Лебяжский район
Q920480,33622000,Лузский район
Q2737760,33623000,Малмыжский район
Q2219075,33624000,Мурашинский район
Q2217368,33625000,Нагорский район
Q2219032,33626000,Немский район
Q2631532,33627000,Нолинский район
Q2219986,33628000,Омутнинский район
Q1653914,33629000,Опаринский муниципальный округ
Q1654452,33630000,Оричевский район
Q2218017,33632000,Подосиновский район
Q1655378,33634000,Свечинский муниципальный округ
Q2723499,33635000,Слободской район
Q2632840,33636000,Советский район
Q1655810,33637000,Сунский район
Q1655402,33638000,Тужинский район
Q1658636,33640000,Унинский муниципальный округ
Q2723455,33641000,Уржумский район
Q2220468,33643000,Фалёнский район
Q1774536,33645000,Орловский район
Q2218987,33647000,Шабалинский район
Q1973867,33649000,Юрьянский район
Q2723493,33650000,Яранский район
Q4221641,33701000,Муниципальное образование «Город Киров»
Q15696128,33713000,Муниципальное образование «Город Слободской»
Q2596,34000000,Костромская область
Q1651069,34602000,Антроповский район
Q1651373,34604000,Буйский район
Q1656119,34606000,Вохомский район
Q1651603,34608000,Галичский район
Q2217277,34610000,Кадыйский район
Q1652738,34614000,Костромской район
Q3816831,34616000,Красносельский район
Q3843630,34618000,Макарьевский район
Q1653098,34620000,Мантуровский район
Q3855899,34622000,Межевской район
Q401753,34624000,Нейский муниципальный округ
Q1653230,34626000,Нерехтский район
Q3881415,34628000,Октябрьский муниципальный округ
Q3886974,34630000,Островский район
Q1654593,34632000,Павинский район
Q3895824,34634000,Парфеньевский район
Q1653957,34636000,Поназыревский район
Q1653964,34638000,Пыщугский район
Q1655463,34640000,Солигаличский район
Q1656139,34642000,Судиславский район
Q1655740,34644000,Сусанинский район
Q1652061,34646000,Чухломский район
Q4025695,34648000,Шарьинский район
Q27572809,34701000,городской округ Кострома
Q27572805,34705000,Городской округ город Буй
Q27572807,34706000,Городской округ город Волгореченск
Q27572808,34708000,городской округ город Галич
Q27572811,34714000,Мантурово
Q4145689,34730000,Городской округ город Шарья
Q15966495,35000000,Республика Крым
Q1948116,35604000,Бахчисарайский район
Q2353538,35607000,Белогорский район
Q2355870,35611000,Джанкойский район
Q2355897,35616000,Кировский район
Q2420522,35620000,Красногвардейский район
Q2237970,35623000,Красноперекопский район
Q2443152,35627000,Ленинский район
Q2420508,35631000,Нижнегорский район
Q2353513,35635000,Первомайский район
Q533212,35639000,Раздольненский район
Q2353478,35643000,Сакский район
Q2237983,35647000,Симферопольский район
Q595689,35652000,Советский район
Q2237994,35656000,Черноморский район
Q17627279,35701000,городской округ Симферополь
Q17154737,35703000,Алушта (муниципальный округ)
Q17266385,35706000,Армянск (муниципальный округ)
Q17266378,35709000,Городской округ Джанкой
Q17266370,35712000,Евпатория (городской округ)
Q17266290,35715000,Керченский городской округ
Q17627360,35718000,Красноперекопск (городской округ)
Q17627363,35721000,Городской округ Саки
Q17627366,35723000,Городской округ Судак
Q18011563,35726000,Феодосия (городской округ)
Q17627375,35729000,городской округ Ялта
Q1727,36000000,Самарская область
Q1763521,36602000,Алексеевский район
Q2636699,36604000,Безенчукский район
Q2636720,36606000,Богатовский район
Q1973892,36608000,Большеглушицкий район
Q1970241,36610000,Большечерниговский район
Q1763650,36612000,Борский район
Q1774580,36614000,Волжский район
Q1971998,36615000,Елховский район
Q2636730,36616000,Исаклинский район
Q2719787,36617000,Камышлинский район
Q2636693,36618000,Кинельский район
Q2636683,36620000,Кинель-Черкасский район
Q2636710,36622000,Клявлинский район
Q1976917,36624000,Кошкинский район
Q4176292,36626000,Красноармейский район
Q1763644,36628000,Красноярский район
Q670021,36630000,Нефтегорский район
Q1653897,36632000,Пестравский район
Q2219015,36634000,Похвистневский район
Q1774555,36636000,Приволжский район
Q1973886,36638000,Сергиевский район
Q52242,36640000,Ставропольский район
Q2218491,36642000,Сызранский район
Q1652831,36644000,Хворостянский район
Q2636705,36646000,Челно-Вершинский район
Q2218995,36648000,Шенталинский район
Q946998,36650000,Шигонский район
Q27577214,36701000,Городской округ Самара
Q27577210,36704000,Городской округ Жигулёвск
Q4145665,36708000,Городской округ Кинель
Q27577211,36713000,Городской округ Новокуйбышевск
Q27577212,36718000,Городской округ Октябрьск
Q24239664,36724000,Городской округ Отрадный
Q27577213,36727000,Городской округ Похвистнево
Q27577215,36735000,Городской округ Сызрань
Q27577216,36740000,Городской округ Тольятти
Q27577218,36750000,Городской округ Чапаевск
Q5741,37000000,Курганская область
Q1753341,37514000,Кетовский муниципальный округ
Q1753802,37602000,Альменевский муниципальный округ
Q3637870,37604000,Белозерский муниципальный округ
Q1753244,37606000,Варгашинский муниципальный округ
Q1639532,37608000,Далматовский муниципальный округ
Q1884279,37609000,Звериноголовский муниципальный округ
Q1753266,37610000,Каргапольский муниципальный округ
Q1753209,37612000,Катайский муниципальный округ
Q1753860,37616000,Куртамышский муниципальный округ
Q1753203,37618000,Лебяжьевский муниципальный округ
Q1753215,37620000,Макушинский муниципальный округ
Q3859665,37622000,Мишкинский муниципальный округ
Q1753536,37624000,Мокроусовский муниципальный округ
Q1654536,37626000,Петуховский муниципальный округ
Q1753785,37628000,Половинский муниципальный округ
Q1753260,37630000,Притобольный муниципальный округ
Q830314,37632000,Сафакулевский муниципальный округ
Q3664260,37634000,Целинный муниципальный округ
Q1753221,37636000,Частоозерский муниципальный округ
Q1653963,37638000,Шадринский муниципальный округ
Q1753271,37640000,Шатровский муниципальный округ
Q1753770,37642000,Шумихинский муниципальный округ
Q1753886,37644000,Щучанский муниципальный округ
Q1753544,37646000,Юргамышский муниципальный округ
Q27577636,37701000,Городской округ город Курган
Q27577637,37705000,Городской округ город Шадринск
Q3178,38000000,Курская область
Q2628834,38602000,Беловский район
Q2629994,38603000,Большесолдатский район
Q2157160,38604000,Глушковский район
Q2629931,38606000,Горшеченский район
Q2629937,38608000,Дмитриевский район
Q2628845,38610000,Железногорский район
Q2629977,38612000,Золотухинский район
Q2629918,38614000,Касторенский район
Q2629989,38616000,Конышёвский район
Q2629945,38618000,Кореневский район
Q2387416,38620000,Курский район
Q2387429,38621000,Курчатовский район
Q2629625,38622000,Льговский район
Q2629610,38623000,Мантуровский район
Q2629589,38624000,Медвенский район
Q2629924,38626000,Обоянский район
Q2387495,38628000,Октябрьский район
Q590723,38630000,Поныровский район
Q2629967,38632000,Пристенский район
Q2629637,38634000,Рыльский район
Q2387452,38636000,Советский район
Q2629962,38638000,Солнцевский район
Q2629971,38640000,Суджанский район
Q2629954,38642000,Тимский район
Q2181986,38644000,Фатежский район
Q728268,38646000,Хомутовский район
Q2629911,38648000,Черемисиновский район
Q2629594,38650000,Щигровский район
Q21638215,38705000,Городской округ город Железногорск
Q656,40000000,Санкт-Петербург
Q6501996,40301000,Коломна
Q4416251,40302000,Сенной округ
Q1267144,40303000,Адмиралтейский округ
Q4415981,40304000,Семёновский
Q2749355,40305000,Измайловское
Q1266958,40306000,Екатерингофский округ
Q4032432,40307000,7-й муниципальный округ Санкт-Петербурга
Q4104856,40308000,Васильевский
Q4131016,40309000,Гавань
Q4332711,40310000,Морской округ
Q4338805,40311000,округ Остров Декабристов
Q2993085,40312000,Левашово
Q905431,40313000,Парголово
Q3470932,40314000,Сампсониевское
Q3506322,40315000,Светлановское
Q3491344,40316000,Сосновское (округ)
Q3350078,40317000,15 муниципальный округ Санкт-Петербурга
Q3365622,40318000,Сергиевское
Q2964615,40319000,округ Шувалово-Озерки
Q1266569,40320000,Лисий Нос
Q14369276,40321000,Лахта-Ольгино
Q4032083,40322000,65-й муниципальный округ Санкт-Петербурга
Q4518678,40323000,Чёрная речка (округ)
Q4229524,40324000,округ Комендантский аэродром
Q4332098,40325000,Озеро Долгое
Q4534670,40326000,Юнтолово
Q4228405,40327000,Коломяги
Q4147488,40328000,Гражданка
Q4059198,40329000,Академическое
Q4484884,40330000,Финляндский округ
Q4030154,40331000,21 муниципальный округ Санкт-Петербурга
Q4363631,40332000,округ Пискарёвка
Q4412271,40333000,округ Северный
Q4380609,40334000,округ Прометей
Q4224842,40335000,Княжево
Q4475036,40336000,Ульянка (округ)
Q4155449,40337000,округ Дачное
Q4056185,40338000,Автово
Q4313104,40339000,Нарвский округ
Q4238184,40340000,Красненькая речка
Q4303279,40341000,округ Морские ворота
Q154738,40342000,Колпино
Q1267630,40343000,Металлострой
Q1266036,40344000,Петро-Славянка
Q3397766,40345000,Понтонный
Q3473174,40346000,Сапёрный
Q1659010,40347000,Усть-Ижора
Q4371296,40348000,Полюстрово
Q4091565,40349000,Большая Охта
Q4277188,40350000,округ Малая Охта
Q4373150,40351000,Пороховые
Q4394207,40352000,Ржевка (округ)
Q155587,40353000,Красное Село
Q4533659,40354000,Юго-Запад
Q4533979,40355000,Южно-Приморский округ
Q4429522,40356000,Сосновая Поляна (округ)
Q4477041,40357000,Урицк
Q4231465,40358000,Константиновское
Q4144041,40359000,округ Горелово
Q155863,40360000,Кронштадт
Q46850,40361000,Зеленогорск
Q194084,40362000,Сестрорецк
Q1267638,40363000,Белоостров
Q260832,40364000,Комарово
Q986139,40365000,Молодёжное
Q3376279,40366000,Песочный
Q252510,40367000,Репино
Q2993126,40368000,Серово
Q986142,40369000,Смолячково
Q3489533,40370000,Солнечное
Q2364414,40371000,Ушково
Q157688,40372000,Ломоносов
Q4303908,40373000,Московская застава
Q4131403,40374000,Гагаринское (Санкт-Петербург)
Q4324116,40375000,Новоизмайловское
Q4383607,40376000,округ Пулковский меридиан
Q4189801,40377000,Звёздное (округ)
Q4315856,40378000,Невская застава
Q4196650,40379000,Ивановский округ
Q4330114,40380000,Обуховский (округ)
Q1266580,40381000,Рыбацкое
Q4313292,40382000,Народный (округ)
Q4031795,40383000,54 муниципальный округ Санкт-Петербурга
Q4315886,40384000,Невский округ
Q4332528,40385000,округ Оккервиль
Q4376061,40386000,Правобережный (округ)
Q177888,40387000,Павловск
Q840891,40388000,Тярлево
Q2749348,40389000,Введенский округ
Q2742118,40390000,Кронверкское
Q4373572,40391000,Посадский (округ)
Q4068270,40392000,Аптекарский остров
Q4332710,40393000,Округ Петровский
Q4516907,40394000,округ Чкаловское
Q178310,40395000,Петергоф
Q258138,40396000,Стрельна
Q7947,40397000,Пушкин
Q1964326,40398000,Александровская
Q2667658,40901000,Шушары
Q4123472,40902000,Волковское
Q4032306,40903000,72 муниципальный округ Санкт-Петербурга
Q4247646,40904000,Купчино (округ)
Q4135798,40905000,Георгиевский округ
Q4032362,40906000,75 муниципальный округ Санкт-Петербурга
Q4076667,40907000,Балканский
Q2742132,40908000,Дворцовый округ
Q2742124,40909000,Муниципальный округ № 78
Q3908546,40910000,Литейный округ
Q3906458,40911000,Смольнинское
Q3906454,40912000,Лиговка-Ямская
Q3908549,40913000,Владимирский округ
Q2191,41000000,Ленинградская область
Q7657,41603000,Бокситогорский район
Q7662,41606000,Волосовский район
Q7663,41609000,Волховский район
Q1036323,41612000,Всеволожский район
Q7677,41615000,Выборгский район
Q7455,41618000,Гатчинский округ
Q7681,41621000,Кингисеппский район
Q7936,41624000,Киришский район
Q7941,41625000,Кировский район
Q7945,41627000,Лодейнопольский район
Q7956,41630000,Ломоносовский район
Q7959,41633000,Лужский район
Q7969,41636000,Подпорожский район
Q7975,41639000,Приозерский район
Q8001,41642000,Сланцевский район
Q506440,41645000,Тихвинский район
Q21639696,41648000,Захожье
Q2573353,41648000,Тосненский район
Q18401146,41754000,Сосновоборский городской округ
Q3510,42000000,Липецкая область
Q1770281,42603000,Воловский муниципальный округ
Q2217621,42606000,Грязинский район
Q2217587,42609000,Данковский район
Q2217673,42612000,Добринский район
Q2216948,42615000,Добровский район
Q923888,42618000,Долгоруковский район
Q2217116,42621000,Елецкий район
Q2217766,42624000,Задонский район
Q2217597,42627000,Измалковский район
Q1759532,42630000,Краснинский район
Q1653028,42633000,Лебедянский район
Q2217246,42636000,Лев-Толстовский район
Q2263898,42640000,Липецкий район
Q1655834,42642000,Становлянский район
Q1655801,42645000,Тербунский район
Q1658666,42648000,Усманский район
Q1652503,42652000,Хлевенский район
Q1651493,42656000,Чаплыгинский район
Q27588357,42701000,Городской округ город Липецк
Q27588355,42715000,Город Елец
Q7971,44000000,Магаданская область
Q1042725,44607000,Северо-Эвенский район
Q1043237,44616000,Тенькинский район
Q27588372,44701000,Городской округ город Магадан
Q780310,44702000,Ольский городской округ
Q918178,44704000,Омсукчанский городской округ
Q27588377,44707000,Северо-Эвенский городской округ
Q1043241,44710000,Среднеканский городской округ
Q978260,44713000,Сусуманский городской округ
Q27588380,44716000,Тенькинский городской округ
Q779307,44719000,Хасынский городской округ
Q429530,44722000,Ягоднинский городской округ
Q649,45000000,Москва
Q2367564,45301000,Богородское
Q1019199,45302000,Вешняки
Q944276,45303000,Восточное Измайлово
Q2626858,45304000,Восточный
Q2365753,45305000,Гольяново
Q2367484,45306000,Ивановское
Q635860,45307000,Измайлово
Q2367534,45308000,Косино-Ухтомский
Q2366899,45309000,Новогиреево
Q2366748,45310000,Новокосино
Q2626887,45311000,Метрогородок
Q2364993,45312000,Перово
Q2366853,45313000,Северное Измайлово
Q2364971,45314000,Соколиная Гора
Q1935566,45315000,Сокольники
Q842239,45316000,Преображенское
Q861805,45317000,Внуково
Q2358875,45318000,Дорогомилово
Q474850,45319000,Крылатское
Q155102,45320000,Кунцево
Q1963027,45321000,Можайский район
Q2364381,45322000,Ново-Переделкино
Q1963371,45323000,Очаково-Матвеевское
Q1962831,45324000,Проспект Вернадского
Q2359096,45325000,Раменки
Q486720,45326000,Солнцево
Q1963109,45327000,Тропарёво-Никулино
Q998027,45328000,Филёвский Парк
Q1963181,45329000,Фили-Давыдково
Q587055,45330000,Крюково
Q3831503,45331000,Матушкино
Q3960539,45332000,Силино
Q2367414,45333000,Аэропорт
Q2626875,45334000,Беговой
Q425824,45335000,Бескудниковский район
Q2367430,45336000,Войковский район
Q2366730,45337000,Восточное Дегунино
Q1017756,45338000,Головинский район
Q2367500,45339000,Дмитровский район
Q2626861,45340000,Западное Дегунино
Q2366877,45341000,Коптево
Q2366787,45342000,Левобережный
Q2361002,45343000,Молжаниновский район
Q2366807,45344000,Савёловский район
Q2704327,45345000,Сокол
Q2365771,45346000,Тимирязевский район
Q2626866,45347000,Ховрино
Q2366712,45348000,Хорошёвский район
Q2367598,45349000,Алексеевский район
Q2366768,45350000,Алтуфьевский район
Q2367552,45351000,Бабушкинский район
Q2367665,45352000,Бибирево
Q2362908,45353000,Бутырский район
Q2367455,45354000,Лианозово
Q2367516,45355000,Лосиноостровский район
Q2367627,45356000,Марфино
Q2622887,45357000,Марьина Роща
Q2704188,45358000,Останкинский район
Q2360436,45359000,Отрадное
Q2366666,45360000,Ростокино
Q2365359,45361000,Свиблово
Q2367583,45362000,Северное Медведково
Q780455,45363000,Северный
Q2366143,45364000,Южное Медведково
Q2367611,45365000,Ярославский район
Q669235,45366000,Куркино
Q2625558,45367000,Митино
Q2367649,45368000,Покровское-Стрешнево
Q2367469,45369000,Северное Тушино
Q2625675,45370000,Строгино
Q630277,45371000,Хорошёво-Мнёвники
Q598088,45372000,Щукино
Q2366829,45373000,Южное Тушино
Q626920,45374000,Арбат
Q1669860,45375000,Басманный район
Q862107,45376000,Замоскворечье
Q3831532,45377000,Савёлки
Q2626343,45378000,Красносельский район
Q2626320,45379000,Мещанский район
Q2320761,45380000,Пресненский район
Q942798,45381000,Таганский район
Q2710104,45382000,Тверской район
Q862100,45383000,Хамовники
Q2704875,45384000,Якиманка
Q533860,45385000,Выхино-Жулебино
Q1963403,45386000,Капотня
Q2360885,45387000,Кузьминки
Q1382617,45388000,Лефортово
Q1963431,45389000,Люблино
Q1958176,45390000,Марьино
Q2364279,45391000,Некрасовка
Q2008435,45392000,Нижегородский район
Q2367394,45393000,Печатники
Q1963165,45394000,Рязанский район
Q1963126,45395000,Текстильщики
Q1963417,45396000,Южнопортовый район
Q2366010,45397000,Академический район
Q1962788,45398000,Гагаринский район
Q2008454,45901000,Зюзино
Q122788,45902000,Коньково
Q1963145,45903000,Котловка
Q2059063,45904000,Ломоносовский район
Q1962988,45905000,Обручевский район
Q1963171,45906000,Северное Бутово
Q1963160,45907000,Тёплый Стан
Q1112926,45908000,Черёмушки
Q1963119,45909000,Южное Бутово
Q2360561,45910000,Ясенево
Q1963176,45911000,Бирюлёво Восточное
Q1963002,45912000,Бирюлёво Западное
Q1963015,45913000,Братеево
Q1963381,45914000,Даниловский район
Q2216653,45915000,Донской район
Q1963114,45916000,Зябликово
Q1963190,45917000,Москворечье-Сабурово
Q1963039,45918000,Нагатино-Садовники
Q1963453,45919000,Нагатинский Затон
Q1963134,45920000,Нагорный район
Q1962775,45921000,Орехово-Борисово Северное
Q2058744,45922000,Орехово-Борисово Южное
Q508433,45923000,Царицыно
Q1962799,45924000,Чертаново Северное
Q1962823,45925000,Чертаново Центральное
Q1963154,45926000,Чертаново Южное
Q3831538,45927000,Старое Крюково
Q196691,45931000,Троицк
Q198388,45932000,Щербинка
Q4373600,45941000,Поселение Внуковское
Q4373597,45942000,Поселение Воскресенское
Q4373596,45943000,поселение Вороновское
Q4373598,45944000,Поселение Десёновское
Q4373601,45945000,Поселение Киевский
Q4373602,45946000,Поселение Клёновское
Q4373603,45947000,Поселение Кокошкино
Q4373604,45948000,Поселение Краснопахорское
Q4373605,45949000,Поселение Марушкинское
Q4373606,45951000,Поселение Михайлово-Ярцевское
Q462784,45952000,поселение Московский
Q4373595,45953000,Поселение «Мосрентген»
Q4373609,45954000,Поселение Новофёдоровское
Q4373607,45955000,Поселение Первомайское
Q4373608,45956000,Поселение Роговское
Q5470559,45957000,Поселение Рязановское
Q4373611,45958000,Сосенское
Q4373612,45959000,Поселение Филимонковское
Q4373613,45961000,Поселение Щаповское
Q1697,46000000,Московская область
Q432620,46615000,Сергиево-Посадский район
Q2709555,46616000,Зарайский район
Q2710109,46621000,Клинский район
Q2709570,46622000,Коломенский район
Q116258947,46623000,Красногорский район
Q2709579,46629000,Лотошинский район
Q2627627,46630000,Луховицкий район
Q2426262,46631000,Люберецкий район
Q2627638,46633000,Можайский муниципальный округ
Q2459293,46641000,Одинцовский район
Q2709587,46643000,Орехово-Зуевский район
Q116179206,46645000,Павлово-Посадский район
Q651394,46648000,Раменский район
Q2709592,46651000,Серпуховский район
Q2537742,46652000,Солнечногорский район
Q2723481,46653000,Ступинский район
Q464505,46654000,Талдомский район
Q2709597,46657000,Шатурский район
Q4145660,46704000,Городской округ Балашиха
Q27477617,46705000,Городской округ Бронницы
Q27477639,46706000,Городской округ Краснознаменск
Q111704424,46708000,Волоколамский городской округ
Q846254,46709000,Городской округ Домодедово
Q111706343,46710000,городской округ Воскресенск
Q27477622,46711000,Городской округ Дзержинский
Q432621,46715000,Дмитровский муниципальный округ
Q27477624,46716000,Городской округ Долгопрудный
Q19973583,46718000,Городской округ Дубна
Q2627691,46722000,Муниципальный округ Егорьевск
Q27477627,46725000,Городской округ Жуковский
Q27477630,46730000,Городской округ Звенигород
Q27477632,46732000,Городской округ Ивантеевка
Q111732057,46733000,городской округ Истра
Q27477634,46734000,Городской округ Королёв
Q1965852,46735000,Городской округ Кашира
Q4145666,46738000,Коломна
Q27477636,46739000,городской округ Котельники
Q27477641,46740000,Городской округ Лобня
Q27477645,46741000,Городской округ Лыткарино
Q27477643,46742000,Городской округ Лосино-Петровский
Q27477637,46743000,Городской округ Красноармейск
Q2710135,46746000,Городской округ Мытищи
Q60853397,46755000,Одинцовский городской округ
Q2627323,46756000,Городской округ Озёры
Q27477649,46757000,Городской округ Орехово-Зуево
Q64875700,46757000,Орехово-Зуевский городской округ
Q2627343,46759000,Павлово-Посадский городской округ
Q21634683,46760000,Городской округ Подольск
Q27477647,46761000,Городской округ Молодёжный
Q27477653,46762000,Городской округ Пущино
Q27477621,46763000,Городской округ Восход
Q27477655,46764000,Городской округ Реутов
Q27477656,46765000,Городской округ Рошаль
Q2627668,46766000,Рузский муниципальный округ
Q27477651,46767000,Городской округ Протвино
Q27477659,46770000,Городской округ Серпухов
Q115794950,46771000,Городской округ Солнечногорск
Q2627677,46772000,Городской округ Серебряные Пруды
Q27477618,46773000,Городской округ Власиха
Q27477629,46774000,Городской округ Звёздный городок
Q4145680,46780000,Городской округ Фрязино
Q4145682,46781000,Городской округ Черноголовка
Q115793806,46783000,Городской округ Химки
Q114708368,46784000,Городской округ Чехов
Q2627656,46787000,Муниципальный округ Шаховская
Q2624366,46788000,Щёлково (городской округ)
Q27477665,46790000,Городской округ Электросталь
Q27477663,46791000,Городской округ Электрогорск
Q1759,47000000,Мурманская область
Q2711863,47605000,Кольский район
Q2425066,47608000,Кандалакшский район
Q388429,47610000,Ловозерский район
Q2367345,47615000,Печенгский район
Q2625945,47620000,Терский район
Q16708129,47701000,Мурманский городской округ
Q2707279,47703000,Городской округ Ковдорский район
Q4145684,47705000,Муниципальное образование город Апатиты с подведомственной территорией
Q4145685,47712000,Городской округ Кировск
Q4145686,47715000,Городской округ город Мончегорск с подведомственной территорией
Q4145687,47717000,Городской округ город Оленегорск с подведомственной территорией
Q13219929,47719000,Городской округ город Полярные Зори с подведомственной территорией
Q4145662,47730000,Городской округ ЗАТО город Североморск
Q4145661,47731000,городской округ ЗАТО город Островной
Q16699868,47733000,ЗАТО Заозёрск
Q16695708,47735000,ЗАТО Видяево
Q4354708,47737000,Городской округ ЗАТО Александровск
Q2240,49000000,Новгородская область
Q2707123,49545000,Хвойнинский район
Q2707173,49603000,Батецкий район
Q2711868,49606000,Боровичский район
Q2604949,49608000,Валдайский район
Q2627879,49610000,Волотовский район
Q2627857,49612000,Демянский район
Q1141765,49614000,Крестецкий район
Q2627864,49616000,Любытинский район
Q1140755,49620000,Маловишерский район
Q2627873,49623000,Марёвский район
Q2373743,49624000,Мошенской район
Q2610877,49625000,Новгородский район
Q2624583,49628000,Окуловский район
Q2629427,49630000,Парфинский район
Q636384,49632000,Пестовский муниципальный округ
Q2627842,49634000,Поддорский район
Q2627838,49639000,Старорусский район
Q2625658,49647000,Холмский муниципальный округ
Q2711851,49650000,Чудовский район
Q2627569,49655000,Шимский район
Q5851,50000000,Новосибирская область
Q788425,50603000,Баганский район
Q790128,50604000,Барабинский район
Q554435,50606000,Болотнинский район
Q280021,50608000,Венгеровский район
Q909443,50610000,Доволенский район
Q919658,50613000,Здвинский район
Q240158,50615000,Искитимский район
Q630968,50617000,Карасукский район
Q552977,50619000,Каргатский район
Q554072,50621000,Колыванский район
Q554345,50623000,Коченёвский район
Q304987,50625000,Кочковский район
Q852063,50627000,Краснозёрский район
Q554039,50630000,Куйбышевский район
Q919144,50632000,Купинский район
Q554839,50634000,Кыштовский район
Q554424,50636000,Маслянинский район
Q554407,50638000,Мошковский район
Q554441,50640000,Новосибирский район
Q554413,50642000,Ордынский район
Q552914,50644000,Северный район
Q554456,50648000,Сузунский район
Q919645,50650000,Татарский муниципальный округ
Q554429,50652000,Тогучинский район
Q554834,50654000,Убинский район
Q919636,50655000,Усть-Таркский район
Q870543,50656000,Чановский район
Q554450,50657000,Черепановский район
Q852037,50658000,Чистоозёрный район
Q552988,50659000,Чулымский район
Q19908765,50717000,Городской округ город Обь
Q5835,52000000,Омская область
Q766317,52601000,Азовский немецкий национальный район
Q1972280,52603000,Большереченский район
Q1972272,52606000,Большеуковский район
Q3773438,52609000,Горьковский район
Q4024612,52612000,Знаменский район
Q1230636,52615000,Исилькульский район
Q853173,52618000,Калачинский район
Q1652769,52621000,Колосовский район
Q766730,52623000,Кормиловский район
Q1106814,52626000,Крутинский район
Q258072,52629000,Любинский район
Q1652484,52630000,Марьяновский район
Q766554,52632000,Москаленский район
Q1653576,52634000,Муромцевский район
Q3874045,52636000,Называевский район
Q1654075,52639000,Нижнеомский район
Q766752,52641000,Нововаршавский район
Q1654424,52642000,Одесский район
Q766528,52643000,Оконешниковский район
Q429506,52644000,Омский район
Q1654008,52646000,Павлоградский район
Q1654469,52648000,Полтавский район
Q766565,52650000,Русско-Полянский район
Q375828,52651000,Саргатский район
Q2217421,52652000,Седельниковский район
Q1656108,52653000,Таврический район
Q1125020,52654000,Тарский район
Q1655522,52655000,Тевризский район
Q1655687,52656000,Тюкалинский район
Q1658672,52657000,Усть-Ишимский район
Q766518,52658000,Черлакский район
Q1655573,52659000,Шербакульский район
Q5338,53000000,Оренбургская область
Q1651103,53604000,Адамовский район
Q1651054,53605000,Акбулакский район
Q1650971,53606000,Александровский район
Q3624930,53607000,Асекеевский район
Q780976,53610000,Беляевский район
Q1651395,53611000,Бугурусланский район
Q1651507,53612000,Бузулукский район
Q3776104,53615000,Грачёвский район
Q1651664,53617000,Домбаровский район
Q1652051,53619000,Илекский район
Q1119754,53622000,Кваркенский район
Q3816821,53623000,Красногвардейский район
Q3817455,53625000,Курманаевский район
Q3852355,53627000,Матвеевский район
Q1653238,53630000,Новоорский район
Q3879100,53631000,Новосергиевский район
Q3881416,53633000,Октябрьский район
Q1653905,53634000,Оренбургский район
Q3900623,53636000,Первомайский район
Q670139,53637000,Переволоцкий район
Q3907935,53638000,Пономарёвский район
Q1654604,53640000,Сакмарский район
Q1654415,53641000,Саракташский район
Q1884271,53642000,Светлинский район
Q3958520,53643000,Северный район
Q22079762,53650000,Сорочинский городской округ
Q1656149,53651000,Ташлинский район
Q1655416,53652000,Тоцкий район
Q287104,53653000,Тюльганский район
Q1655555,53656000,Шарлыкский район
Q4144855,53701000,"Городской округ ""Город Оренбург"""
Q24907940,53704000,Абдулинский муниципальный округ
Q23898964,53708000,Городской округ город Бугуруслан
Q544112,53713000,Гайский район
Q1643796,53714000,Кувандыкский район
Q23898962,53715000,Городской округ город Медногорск
Q19915695,53720000,Городской округ город Новотроицк
Q23898961,53723000,Городской округ Орск
Q1655727,53725000,Соль-Илецкий городской округ
Q22079762,53727000,Сорочинский городской округ
Q1658428,53732000,Ясненский район
Q3129,54000000,Орловская область
Q1765981,54501000,Орловский район
Q2216474,54604000,Болховский район
Q2217061,54608000,Верховский район
Q2217629,54610000,Глазуновский район
Q1761017,54612000,Дмитровский район
Q2216957,54615000,Должанский район
Q2217776,54618000,Залегощенский район
Q2217450,54620000,Знаменский район
Q2216503,54623000,Колпнянский район
Q2216517,54624000,Краснозоренский район
Q1969554,54625000,Кромской район
Q1774134,54626000,Корсаковский район
Q2217071,54629000,Ливенский район
Q2217153,54632000,Малоархангельский район
Q2217688,54636000,Мценский район
Q764628,54639000,Новодеревеньковский район
Q2217641,54643000,Новосильский район
Q2217102,54650000,Покровский район
Q1770293,54652000,Свердловский район
Q2217610,54653000,Сосковский район
Q2217564,54654000,Троснянский район
Q2217653,54655000,Урицкий район
Q2629861,54657000,Хотынецкий район
Q2217663,54659000,Шаблыкинский район
Q165413,55000000,Байконур
Q5545,56000000,Пензенская область
Q791222,56603000,Башмаковский район
Q856889,56606000,Спасский район
Q2706920,56609000,Бековский район
Q19086,56612000,Белинский район
Q1651073,56613000,Бессоновский район
Q736035,56615000,Вадинский район
Q3773582,56618000,Городищенский район
Q659270,56623000,Земетчинский район
Q1653265,56626000,Иссинский район
Q3812682,56629000,Каменский район
Q1653111,56631000,Камешкирский район
Q2217255,56633000,Колышлейский район
Q3817601,56640000,Кузнецкий район
Q1652747,56642000,Лопатинский район
Q1652545,56643000,Лунинский район
Q1653193,56644000,Малосердобинский район
Q949215,56645000,Мокшанский район
Q917837,56647000,Наровчатский район
Q2219043,56649000,Неверкинский район
Q371105,56651000,Нижнеломовский район
Q3876901,56653000,Никольский район
Q850764,56654000,Пачелмский район
Q1654000,56655000,Пензенский район
Q1653888,56656000,Сердобский район
Q1655757,56657000,Сосновоборский район
Q1655855,56658000,Тамалинский район
Q2220009,56659000,Шемышейский район
Q5400,57000000,Пермский край
Q947388,57502000,Александровский муниципальный округ
Q112735434,57516000,Губахинский муниципальный округ
Q1029023,57520000,Ильинский муниципальный округ
Q927441,57525000,Косинский район
Q106369882,57530000,Кунгурский муниципальный округ
Q126173531,57546000,Пермский муниципальный округ
Q1029319,57548000,Сивинский район
Q870773,57555000,Частинский район
Q926740,57559000,Юрлинский район
Q863969,57604000,Бардымский район
Q890186,57606000,Берёзовский район
Q890403,57608000,Большесосновский район
Q766542,57612000,Верещагинский район
Q972737,57614000,Горнозаводский район
Q969893,57615000,Гремячинский район
Q907324,57616000,Добрянский муниципальный округ
Q972704,57618000,Еловский район
Q972691,57622000,Карагайский муниципальный округ
Q936046,57624000,Кишертский район
Q1029281,57626000,Красновишерский район
Q854555,57628000,Куединский район
Q890389,57630000,Кунгурский район
Q1029326,57638000,Ординский район
Q1029004,57640000,Осинский район
Q1029303,57642000,Оханский район
Q766715,57644000,Очёрский район
Q1029289,57646000,Пермский район
Q1029307,57650000,Соликамский район
Q1030653,57651000,Суксунский район
Q853190,57652000,Уинский район
Q863978,57654000,Чайковский городской округ
Q854854,57657000,Чернушинский муниципальный округ
Q78223868,57701000,Пермский городской округ
Q65154386,57708000,Березниковский муниципальный округ
Q969900,57719000,Кизеловский муниципальный округ
Q973398,57720000,Краснокамский муниципальный округ
Q971307,57726000,Лысьвенский муниципальный округ
Q65176196,57730000,Соликамский муниципальный округ
Q830108,57761000,Октябрьский район
Q768228,57814000,Гайнский район
Q768220,57819000,Кочёвский район
Q768236,57821000,Кудымкарский район
Q926754,57827000,Юсьвинский район
Q2218,58000000,Псковская область
Q2706893,58604000,Бежаницкий район
Q2573291,58606000,Великолукский район
Q2723487,58608000,Гдовский район
Q2706908,58610000,Дедовичский район
Q2723473,58612000,Дновский район
Q2706904,58614000,Красногородский район
Q2533424,58616000,Куньинский район
Q2706899,58618000,Локнянский район
Q2723504,58620000,Невельский район
Q2706889,58623000,Новоржевский район
Q2533365,58626000,Новосокольнический район
Q1122648,58629000,Опочецкий район
Q2628853,58633000,Островский район
Q2706882,58637000,Палкинский район
Q2534084,58640000,Печорский район
Q2706869,58643000,Плюсский район
Q2629904,58647000,Порховский район
Q2706915,58649000,Псковский район
Q2533406,58650000,Пустошкинский район
Q1146500,58651000,Пушкиногорский район
Q2533375,58653000,Пыталовский район
Q366986,58654000,Себежский район
Q2706863,58656000,Струго-Красненский район
Q2533385,58658000,Усвятский район
Q3573,60000000,Ростовская область
Q2217077,60601000,Азовский район
Q2217097,60602000,Аксайский район
Q1778570,60605000,Багаевский район
Q2217060,60606000,Белокалитвинский район
Q956872,60607000,Боковский район
Q2220876,60608000,Верхнедонской район
Q2220797,60609000,Весёловский район
Q2006372,60612000,Волгодонской район
Q1774073,60613000,Дубовский район
Q2006326,60615000,Егорлыкский район
Q2220806,60617000,Заветинский район
Q2220385,60618000,Зерноградский район
Q2220352,60619000,Зимовниковский район
Q2006341,60622000,Кагальницкий район
Q1767240,60623000,Каменский район
Q2217105,60624000,Кашарский район
Q1767232,60625000,Константиновский район
Q2217449,60626000,Красносулинский район
Q1767244,60627000,Куйбышевский район
Q2217430,60630000,Мартыновский район
Q1985722,60631000,Матвеево-Курганский район
Q2217127,60632000,Миллеровский район
Q2217075,60633000,Милютинский район
Q2217086,60634000,Морозовский район
Q2632326,60635000,Мясниковский район
Q2217404,60636000,Неклиновский район
Q2220838,60640000,Обливский район
Q1778578,60641000,Октябрьский район
Q1778585,60642000,Орловский район
Q2220890,60644000,Песчанокопский район
Q1778593,60645000,Пролетарский район
Q2220868,60647000,Ремонтненский район
Q2220842,60648000,Родионово-Несветайский район
Q2220817,60650000,Сальский район
Q2220337,60651000,Семикаракорский район
Q1767572,60652000,Советский район
Q2220885,60653000,Тарасовский район
Q576974,60654000,Тацинский район
Q2220825,60655000,Усть-Донецкий район
Q2220319,60656000,Целинский район
Q2220857,60657000,Цимлянский район
Q2217395,60658000,Чертковский район
Q2220299,60659000,Шолоховский район
Q16714769,60701000,Муниципальное образование «город Ростов-на-Дону»
Q62065339,60704000,Городской округ Азов
Q2753,61000000,Рязанская область
Q3732068,61602000,Ермишинский район
Q1658627,61604000,Захаровский район
Q2219005,61606000,Кадомский район
Q2628828,61608000,Касимовский район
Q1652999,61610000,Клепиковский район
Q1652706,61612000,Кораблинский муниципальный округ
Q1652648,61615000,Милославский район
Q1774570,61617000,Михайловский район
Q139975,61620000,Александро-Невский район
Q1654040,61623000,Пителинский район
Q1644769,61625000,Пронский район
Q1653976,61626000,Путятинский район
Q1654543,61627000,Рыбновский район
Q1654474,61630000,Ряжский район
Q1969526,61634000,Рязанский район
Q1654580,61637000,Сапожковский район
Q1969516,61640000,Сараевский район
Q492544,61642000,Сасовский район
Q1655495,61644000,Скопинский район
Q1774591,61646000,Спасский район
Q1655670,61648000,Старожиловский район
Q1655408,61650000,Ухоловский район
Q1652072,61653000,Чучковский район
Q2218533,61656000,Шацкий район
Q1004223,61658000,Шиловский район
Q28589864,61715000,Скопин
Q5334,63000000,Саратовская область
Q3609562,63602000,Александрово-Гайский район
Q580844,63603000,Аркадакский район
Q1651115,63604000,Аткарский район
Q1651093,63606000,Базарно-Карабулакский район
Q789143,63607000,Балаковский район
Q1651109,63608000,Балашовский район
Q1651123,63609000,Балтайский район
Q1504900,63611000,Вольский район
Q4016489,63612000,Воскресенский район
Q3705855,63613000,Дергачёвский район
Q1651588,63614000,Духовницкий район
Q3720813,63616000,Екатериновский район
Q3732719,63617000,Ершовский район
Q3804865,63619000,Ивантеевский район
Q3812611,63621000,Калининский район
Q3816810,63622000,Красноармейский район
Q1653107,63623000,Краснокутский район
Q1652659,63624000,Краснопартизанский район
Q1652596,63625000,Лысогорский район
Q516637,63626000,Марксовский район
Q1653562,63629000,Новобурасский район
Q1654646,63630000,Новоузенский район
Q1654874,63632000,Озинский район
Q937093,63634000,Перелюбский район
Q672174,63635000,Петровский район
Q1653951,63636000,Питерский район
Q688631,63637000,Пугачёвский район
Q3941931,63639000,Ровенский район
Q3940733,63640000,Романовский район
Q1785638,63641000,Ртищевский район
Q924167,63642000,Самойловский район
Q1504872,63643000,Саратовский район
Q3965667,63644000,Советский район
Q1109302,63646000,Татищевский район
Q1656198,63647000,Турковский район
Q578654,63648000,Фёдоровский район
Q1652671,63649000,Хвалынский район
Q4025626,63650000,Энгельсский район
Q106201363,63701000,город Саратов
Q60850028,63760000,Михайловский
Q7797,64000000,Сахалинская область
Q4145648,64701000,Городской округ «Южно-Сахалинск»
Q123474383,64701000,Ново-Александровск
Q3609566,64704000,Александровск-Сахалинский район
Q904512,64708000,Анивский городской округ
Q1651600,64712000,Долинский городской округ
Q3816509,64716000,Корсаковский муниципальный округ
Q2213976,64720000,Курильский городской округ
Q568504,64724000,Макаровский городской округ
Q3875106,64728000,Невельский муниципальный округ
Q1653200,64732000,Ногликский муниципальный округ
Q1653880,64736000,Охинский муниципальный округ
Q643288,64740000,Городской округ «Поронайский»
Q2109294,64743000,Северо-Курильский городской округ
Q1656179,64746000,Городской округ «Смирныховский»
Q1655703,64748000,Томаринский городской округ
Q1655768,64750000,Тымовский муниципальный округ
Q3675386,64754000,Холмский муниципальный округ
Q2090115,64756000,Южно-Курильский район
Q5462,65000000,Свердловская область
Q3812683,65531000,Каменский муниципальный округ
Q4145669,65539000,Красноуфимский муниципальный округ
Q1654163,65608000,Байкаловский район
Q1654270,65623000,Камышловский район
Q1654751,65628000,Нижнесергинский район
Q1658825,65639000,Слободо-Туринский район
Q2220721,65645000,Таборинский район
Q4307474,65701000,город Екатеринбург
Q4070450,65703000,Артёмовский муниципальный округ
Q4070296,65704000,Артинский муниципальный округ
Q4073382,65705000,Ачитский муниципальный округ
Q4082959,65706000,Белоярский муниципальный округ
Q4145652,65707000,Муниципальный округ Богданович
Q4108489,65708000,Верхнесалдинский муниципальный округ
Q4145657,65709000,Муниципальный округ Верхотурский
Q4133737,65710000,Гаринский муниципальный округ
Q4203093,65711000,Ирбитское муниципальное образование
Q4315915,65714000,Невьянский муниципальный округ
Q4318963,65715000,Нижнетуринский муниципальный округ
Q4324427,65716000,Новолялинский муниципальный округ
Q2766771,65717000,Муниципальный округ Горноуральский
Q13479622,65718000,Пышминский муниципальный округ
Q2782663,65719000,Муниципальный округ Ревда
Q4392310,65720000,Режевской муниципальный округ
Q4429820,65721000,Сосьвинский муниципальный округ
Q1655603,65722000,Сысертский муниципальный округ
Q4449382,65723000,Тавдинский муниципальный округ
Q4450475,65724000,Талицкий муниципальный округ
Q4464924,65725000,Тугулымский муниципальный округ
Q429884,65726000,Туринский муниципальный округ
Q4519718,65727000,Шалинский муниципальный округ
Q4307498,65728000,муниципальный округ Алапаевск
Q4068497,65729000,Арамильский городской округ
Q4071182,65730000,Асбестовский муниципальный округ
Q4085491,65731000,Берёзовский муниципальный округ
Q4145654,65732000,Городской округ Верхняя Пышма
Q4145653,65733000,Муниципальный округ Верхний Тагил
Q4145656,65734000,Городской округ Верхняя Тура
Q4124204,65735000,Волчанский муниципальный округ
Q4145658,65736000,Муниципальный округ Дегтярск
Q4145663,65737000,Муниципальный округ Заречный
Q4197119,65738000,Ивдельский муниципальный округ
Q4307475,65740000,городской округ Каменск-Уральский
Q4145664,65742000,Муниципальный округ Карпинск
Q4217997,65743000,Качканарский муниципальный округ
Q4221543,65744000,Кировградский муниципальный округ
Q4145667,65745000,муниципальный округ Краснотурьинск
Q4145668,65746000,Муниципальный округ Красноуральск
Q18342925,65747000,Красноуфимск (городской округ)
Q4250150,65748000,Кушвинский муниципальный округ
Q4145650,65749000,городской округ Лесной
Q4145671,65750000,Муниципальный округ Нижняя Салда
Q4145649,65751000,муниципальный округ Нижний Тагил
Q4326099,65752000,Новоуральский городской округ
Q4145674,65753000,Муниципальный округ Первоуральск
Q4369677,65754000,Полевской муниципальный округ
Q4412608,65755000,Североуральский муниципальный округ
Q4417741,65756000,Серовский муниципальный округ
Q4145675,65757000,муниципальный округ Среднеуральск
Q4145678,65758000,муниципальный округ Сухой Лог
Q4087223,65759000,Бисертский муниципальный округ
Q4279352,65762000,Малышевский муниципальный округ
Q4145673,65764000,Муниципальный округ Пелым
Q4145677,65766000,Муниципальный округ Староуткинск
Q18342931,65769000,Махнёвское муниципальное образование
Q4307480,65771000,Муниципальное образование Алапаевское
Q2347,66000000,Смоленская область
Q1193104,66544000,Смоленский район
Q2708302,66603000,Велижский муниципальный округ
Q2445430,66605000,Вяземский район
Q1983158,66608000,Гагаринский район
Q2708033,66609000,Глинковский район
Q2606910,66611000,Демидовский район
Q2708441,66614000,Дорогобужский муниципальный округ
Q2638847,66616000,Духовщинский район
Q2427629,66619000,Ельнинский муниципальный округ
Q2384730,66621000,Ершичский район
Q2638827,66623000,Кардымовский район
Q2419281,66624000,Краснинский район
Q2708279,66627000,Монастырщинский район
Q2216875,66630000,Новодугинский район
Q2445494,66633000,Починковский район
Q2638901,66636000,Рославльский муниципальный округ
Q2380292,66638000,Руднянский муниципальный округ
Q2218153,66641000,Сафоновский район
Q1993180,66646000,Сычёвский муниципальный округ
Q1992399,66648000,Тёмкинский район
Q2218169,66650000,Угранский муниципальный округ
Q2708307,66652000,Хиславичский муниципальный округ
Q2217191,66654000,Холм-Жирковский муниципальный округ
Q2638874,66656000,Шумячский район
Q2218616,66658000,Ярцевский район
Q24683071,66710000,городской округ Десногорск
Q7525,67000000,Севастополь
Q18400059,67302000,Балаклавский муниципальный округ
Q18406911,67306000,Орлиновский муниципальный округ
Q19916898,67308000,Терновский муниципальный округ
Q18405234,67310000,Гагаринский муниципальный округ
Q18409303,67312000,Ленинский муниципальный округ
Q18405645,67314000,Нахимовский муниципальный округ
Q18401839,67316000,Верхнесадовский муниципальный округ
Q18396507,67318000,Андреевский муниципальный округ
Q18409076,67320000,Качинский муниципальный округ
Q3550,68000000,Тамбовская область
Q1651659,68602000,Бондарский район
Q1652011,68603000,Гавриловский район
Q1658382,68604000,Жердевский муниципальный округ
Q1658424,68606000,Знаменский район
Q1651580,68608000,Инжавинский муниципальный округ
Q645518,68610000,Кирсановский район
Q14500793,68612000,Мичуринский район
Q1653051,68614000,Мордовский район
Q1652902,68616000,Моршанский район
Q1654876,68618000,Мучкапский район
Q1653247,68620000,Никифоровский муниципальный округ
Q3900625,68622000,Первомайский район
Q3901117,68624000,Петровский муниципальный округ
Q3906088,68626000,Пичаевский район
Q1654396,68628000,Рассказовский район
Q1654443,68630000,Ржаксинский район
Q1654065,68632000,Сампурский муниципальный округ
Q1764338,68634000,Сосновский район
Q3968383,68636000,Староюрьевский муниципальный округ
Q3980593,68640000,Тамбовский район
Q1655385,68642000,Токарёвский муниципальный округ
Q1658315,68644000,Уваровский район
Q4003555,68646000,Умётский район
Q5884,69000000,Томская область
Q2031378,69604000,Александровский район
Q1651060,69608000,Асиновский район
Q1650975,69612000,Бакчарский район
Q2218414,69616000,Верхнекетский район
Q607052,69620000,Зырянский район
Q2627827,69624000,Каргасокский район
Q1653005,69628000,Кожевниковский район
Q2217076,69632000,Колпашевский район
Q2217574,69636000,Кривошеинский район
Q1652513,69640000,Молчановский район
Q2361186,69644000,Парабельский район
Q1762687,69648000,Первомайский район
Q1967972,69652000,Тегульдетский район
Q1655468,69654000,Томский район
Q2216489,69656000,Чаинский район
Q617204,69658000,Шегарский район
Q24636058,69701000,Городской округ город Томск
Q19911047,69707000,Муниципальное образование «Город Кедровый»
Q10821955,69710000,Городской округ Стрежевой
Q24636022,69741000,Городской округ ЗАТО Северск
Q2792,70000000,Тульская область
Q3623931,70604000,Арсеньевский район
Q3637910,70606000,Белёвский район
Q1651065,70608000,Богородицкий район
Q4009795,70612000,Венёвский район
Q4016285,70616000,Воловский район
Q3715752,70618000,Дубенский район
Q2218580,70622000,Заокский район
Q3812684,70624000,Каменский район
Q4175869,70626000,Кимовский район
Q3815582,70628000,Киреевский район
Q1653068,70630000,Куркинский район
Q3880947,70636000,Одоевский район
Q1654029,70638000,Плавский район
Q1655678,70640000,Суворовский район
Q4001295,70642000,Тёпло-Огарёвский район
Q1658293,70644000,Узловский район
Q1651502,70646000,Чернский район
Q4025745,70648000,Щёкинский район
Q1658415,70650000,Ясногорский район
Q19911053,70701000,Тула
Q97206888,70706000,Алексин
Q3720268,70714000,Ефремовский район
Q1654665,70724000,Новомосковский район
Q5824,71000000,Тюменская область
Q2217422,71603000,Абатский район
Q1753237,71605000,Армизонский район
Q1753800,71607000,Аромашевский район
Q1753777,71610000,Бердюжский муниципальный округ
Q1753880,71613000,Вагайский район
Q1753812,71615000,Викуловский район
Q1753793,71618000,Голышмановский район
Q1753871,71624000,Исетский муниципальный округ
Q1652725,71626000,Ишимский район
Q304140,71630000,Казанский район
Q1753226,71632000,Нижнетавдинский район
Q1753806,71634000,Омутинский район
Q1753823,71636000,Сладковский район
Q1753866,71638000,Сорокинский район
Q1646633,71642000,Тобольский район
Q76060,71644000,Тюменский муниципальный округ
Q1753232,71648000,Уватский район
Q1753818,71650000,Упоровский район
Q3811385,71653000,Юргинский район
Q1657695,71656000,Ялуторовский район
Q1753250,71658000,Ярковский район
Q21644760,71701000,Городской округ Тюмень
Q1658372,71703000,Заводоуковский городской округ
Q21644670,71710000,Городской округ город Тобольск
Q6320,71800000,Ханты-Мансийский автономный округ — Югра
Q558239,71811000,Белоярский район
Q558713,71812000,Берёзовский район
Q557500,71816000,Кондинский район
Q558707,71818000,Нефтеюганский район
Q558690,71819000,Нижневартовский район
Q2656676,71821000,Октябрьский район
Q557487,71824000,Советский район
Q557574,71826000,Сургутский район
Q557518,71829000,Ханты-Мансийский район
Q21645058,71871000,Городской округ город Ханты-Мансийск
Q20658521,71873000,Городской округ город Мегион
Q97381708,71877000,городской округ Радужный
Q20658522,71883000,Городской округ город Когалым
Q6407,71900000,Ямало-Ненецкий автономный округ
Q2628479,71913000,Красноселькупский район
Q977071,71916000,Надымский район
Q2217991,71918000,Приуральский район
Q2483064,71920000,Пуровский район
Q2217901,71926000,Шурышкарский район
Q2703611,71928000,Ямальский район
Q2703603,71943000,Тазовский район
Q28589790,71951000,Салехард
Q23898960,71952000,Муниципальное образование город Губкинский
Q97381487,71953000,Лабытнанги
Q21349463,71955000,Муниципальное образование город Муравленко
Q21349461,71956000,Муниципальное образование город Новый Уренгой
Q21349460,71958000,городской округ Ноябрьск
Q5634,73000000,Ульяновская область
Q2719800,73602000,Базарносызганский район
Q2640131,73604000,Барышский район
Q2719797,73607000,Вешкаймский район
Q2719778,73610000,Инзенский район
Q2719807,73614000,Карсунский район
Q2719773,73616000,Кузоватовский район
Q2719765,73620000,Майнский район
Q2575351,73622000,Мелекесский район
Q2393297,73625000,Николаевский район
Q485195,73627000,Новомалыклинский район
Q2719789,73629000,Новоспасский район
Q2632233,73632000,Павловский район
Q2719768,73634000,Радищевский район
Q2641521,73636000,Сенгилеевский район
Q2426240,73639000,Старокулаткинский район
Q2719748,73642000,Старомайнский район
Q2719761,73644000,Сурский район
Q2719740,73648000,Тереньгульский район
Q2632241,73652000,Ульяновский район
Q485185,73654000,Цильнинский район
Q2536414,73656000,Чердаклинский район
Q4145679,73701000,Городской округ Ульяновск
Q4145659,73705000,Городской округ Димитровград
Q4145672,73715000,Городской округ Новоульяновск
Q5714,75000000,Челябинская область
Q1634057,75603000,Агаповский район
Q2626822,75606000,Аргаяшский район
Q1192829,75609000,Ашинский район
Q1651377,75612000,Брединский район
Q1658354,75614000,Варненский район
Q2219108,75617000,Верхнеуральский район
Q2019937,75619000,Еманжелинский район
Q1651585,75620000,Еткульский район
Q1652862,75623000,Карталинский район
Q1652753,75626000,Каслинский район
Q649172,75629000,Катав-Ивановский район
Q1652810,75632000,Кизильский район
Q3816490,75633000,Коркинский муниципальный округ
Q554332,75634000,Красноармейский район
Q2220415,75636000,Кунашакский район
Q1653119,75638000,Кусинский район
Q2644994,75642000,Нагайбакский район
Q1654052,75644000,Нязепетровский район
Q3881418,75647000,Октябрьский район
Q3906374,75648000,Пластовский район
Q2218605,75649000,Саткинский район
Q3965143,75652000,Сосновский район
Q3999619,75654000,Троицкий район
Q1658596,75655000,Увельский район
Q1658331,75656000,Уйский район
Q2719267,75657000,Чебаркульский район
Q2219024,75659000,Чесменский муниципальный округ
Q19916281,75701000,Челябинский городской округ
Q15845710,75706000,Верхнеуфалейский городской округ
Q19917022,75707000,Трёхгорный городской округ
Q19909554,75712000,Златоустовский городской округ
Q19909915,75715000,Карабашский городской округ
Q19910176,75728000,Копейский городской округ
Q19910396,75734000,Кыштымский городской округ
Q19910636,75738000,Магнитогорский городской округ
Q19910800,75742000,Миасский городской округ
Q19594485,75743000,Озёрский городской округ
Q19916550,75746000,Снежинский городской округ
Q19917044,75752000,Троицкий городской округ
Q19915913,75755000,Усть-Катавский городской округ
Q19916268,75758000,Чебаркульский городской округ
Q19910558,75759000,Локомотивный городской округ
Q19916650,75764000,Южноуральский городской округ
Q6838,76000000,Забайкальский край
Q516878,76602000,Агинский район
Q2217481,76603000,Акшинский район
Q1655168,76604000,Александрово-Заводский район
Q2217519,76606000,Балейский муниципальный округ
Q1655277,76609000,Борзинский район
Q1655231,76610000,Газимуро-Заводский район
Q1655149,76611000,Дульдургинский район
Q2217944,76612000,Забайкальский район
Q1655284,76615000,Каларский район
Q1655202,76618000,Калганский муниципальный округ
Q1655156,76620000,Карымский район
Q1655142,76621000,Краснокаменский район
Q1655260,76622000,Красночикойский район
Q2217493,76624000,Кыринский район
Q1655217,76625000,Могойтуйский район
Q1655225,76626000,Могочинский район
Q1655236,76628000,Нерчинский район
Q2216891,76630000,Нерчинско-Заводский район
Q1655176,76632000,Оловяннинский район
Q1655192,76634000,Ононский муниципальный округ
Q1655269,76636000,Петровск-Забайкальский район
Q1655244,76638000,Приаргунский муниципальный округ
Q1884322,76640000,Сретенский район
Q2219313,76642000,Тунгиро-Олёкминский район
Q2218440,76644000,Тунгокоченский район
Q1884339,76646000,Улётовский муниципальный округ
Q2217530,76647000,Хилокский район
Q1655210,76648000,Чернышевский район
Q1655251,76650000,Читинский район
Q1884314,76652000,Шелопугинский муниципальный округ
Q2040643,76654000,Шилкинский район
Q21349462,76701000,Городской округ Чита
Q4145651,76702000,Городской округ «Посёлок Агинское»
Q7984,77000000,Чукотский автономный округ
Q698395,77603000,Анадырский район
Q794977,77609000,Билибинский район
Q741588,77633000,Чукотский район
Q24636097,77701000,Городской округ Анадырь
Q870908,77705000,Чаунский район
Q740303,77710000,Провиденский район
Q765027,77715000,муниципальный округ Эгвекинот
Q2448,78000000,Ярославская область
Q1957550,78603000,Большесельский район
Q1957586,78606000,Борисоглебский район
Q2623574,78609000,Брейтовский район
Q384577,78612000,Гаврилов-Ямский район
Q1763281,78615000,Даниловский район
Q2217203,78618000,Любимский район
Q2217441,78621000,Мышкинский район
Q2622848,78623000,Некоузский район
Q2217357,78626000,Некрасовский район
Q1763312,78629000,Первомайский район
Q2623513,78634000,Пошехонский район
Q733829,78637000,Ростовский район
Q1957575,78640000,Рыбинский район
Q2359347,78643000,Тутаевский район
Q2218114,78646000,Угличский район
Q528249,78650000,Ярославский район
Q86667697,78705000,Переславль-Залесский
Q3734,79000000,Адыгея
Q1010262,79605000,Гиагинский район
Q717355,79615000,Кошехабльский район
Q1074879,79618000,Красногвардейский район
Q741173,79622000,Майкопский район
Q260333,79630000,Тахтамукайский район
Q717359,79633000,Теучежский район
Q225227,79640000,Шовгеновский район
Q14506938,79701000,Городской округ Майкоп
Q14506940,79703000,Городской округ Адыгейск
Q5710,80000000,Башкортостан
Q481602,80601000,Абзелиловский район
Q1378418,80602000,Альшеевский район
Q777030,80603000,Архангельский район
Q390284,80604000,Аскинский район
Q781569,80605000,Аургазинский район
Q788737,80606000,Баймакский район
Q788939,80607000,Бакалинский район
Q523472,80608000,Балтачевский район
Q1702952,80609000,Белебеевский район
Q258760,80610000,Белокатайский район
Q792513,80611000,Белорецкий район
Q1702957,80612000,Бижбулякский район
Q1703477,80613000,Бирский район
Q804279,80614000,Благоварский район
Q804290,80615000,Благовещенский район
Q1703465,80617000,Буздякский район
Q852022,80618000,Бураевский район
Q852243,80619000,Бурзянский район
Q678695,80621000,Гафурийский район
Q1703468,80622000,Давлекановский район
Q911811,80623000,Дуванский район
Q1029966,80624000,Дюртюлинский район
Q1092746,80625000,Ермекеевский район
Q1094414,80626000,Зианчуринский район
Q932582,80627000,Зилаирский район
Q636221,80628000,Иглинский район
Q1092770,80630000,Илишевский район
Q1092758,80631000,Ишимбайский район
Q394716,80633000,Калтасинский район
Q1703482,80634000,Караидельский район
Q1104923,80635000,Кармаскалинский район
Q1094419,80636000,Кигинский район
Q2281998,80637000,Краснокамский район
Q1121709,80638000,Кугарчинский район
Q1094426,80639000,Куюргазинский район
Q1702796,80640000,Кушнаренковский район
Q1175702,80641000,Мелеузовский район
Q730998,80642000,Мечетлинский район
Q1073211,80643000,Мишкинский район
Q1703288,80644000,Миякинский район
Q1194696,80645000,Нуримановский район
Q288115,80647000,Салаватский район
Q1192889,80648000,Стерлибашевский район
Q1072349,80649000,Стерлитамакский район
Q1192881,80650000,Татышлинский район
Q972685,80651000,Туймазинский район
Q1092754,80652000,Уфимский район
Q1194661,80653000,Учалинский район
Q1001882,80654000,Фёдоровский район
Q611787,80655000,Хайбуллинский район
Q871294,80656000,Чекмагушевский район
Q2363239,80657000,Чишминский район
Q1702931,80658000,Шаранский район
Q339367,80659000,Янаульский район
Q15190285,80701000,Городской округ город Уфа
Q16638619,80703000,Городской округ город Агидель
Q15190396,80707000,Городской округ ЗАТО город Межгорье
Q16638651,80723000,Городской округ город Кумертау
Q16638665,80727000,Городской округ город Нефтекамск
Q16638669,80735000,Городской округ город Октябрьский
Q16638671,80739000,Городской округ город Салават
Q16638676,80743000,Городской округ город Сибай
Q16638678,80745000,Городской округ город Стерлитамак
Q6809,81000000,Бурятия
Q790417,81603000,Баргузинский район
Q368335,81606000,Баунтовский эвенкийский район
Q794645,81609000,Бичурский район
Q674607,81612000,Джидинский район
Q543285,81615000,Еравнинский район
Q1196425,81618000,Заиграевский район
Q638028,81621000,Закаменский район
Q666062,81622000,Иволгинский район
Q1103108,81624000,Кабанский район
Q548869,81627000,Кижингинский район
Q1098689,81630000,Курумканский район
Q606857,81633000,Кяхтинский район
Q1179769,81635000,Муйский район
Q1179756,81636000,Мухоршибирский район
Q726524,81639000,Окинский район
Q788714,81642000,Прибайкальский район
Q1418114,81645000,Северо-Байкальский район
Q1196405,81648000,Селенгинский район
Q242037,81650000,Тарбагатайский район
Q1098623,81651000,Тункинский район
Q740565,81657000,Хоринский район
Q15190244,81701000,Городской округ город Улан-Удэ
Q16638674,81720000,Городской округ город Северобайкальск
Q5118,82000000,Дагестан
Q619726,82601000,Агульский район
Q619226,82603000,Акушинский район
Q1438467,82605000,Ахвахский район
Q1439212,82606000,Ахтынский район
Q787815,82607000,Бабаюртовский район
Q1439001,82609000,Ботлихский район
Q851694,82611000,Буйнакский район
Q1438443,82613000,Гергебильский район
Q1439024,82615000,Гумбетовский район
Q1438521,82616000,Гунибский район
Q280313,82618000,Дахадаевский район
Q2282190,82620000,Дербентский район
Q1439163,82621000,Докузпаринский район
Q1438424,82622000,Казбековский район
Q1438967,82623000,Кайтагский район
Q1438473,82624000,Каякентский район
Q2426300,82626000,Кизилюртовский район
Q1438451,82627000,Кизлярский район
Q1438456,82629000,Кулинский район
Q798926,82630000,Курахский район
Q1438721,82632000,Лакский район
Q1438994,82634000,Левашинский район
Q1438417,82635000,Карабудахкентский район
Q1438433,82636000,Кумторкалинский район
Q1439173,82637000,Магарамкентский район
Q1439254,82639000,Новолакский район
Q1438975,82640000,Ногайский район
Q1439184,82642000,Рутульский район
Q428262,82644000,Сергокалинский район
Q1438511,82646000,Шамильский район
Q38643,82647000,Сулейман-Стальский район
Q1439195,82648000,Табасаранский район
Q1075061,82649000,Тарумовский район
Q1438410,82651000,Тляратинский район
Q1438983,82653000,Унцукульский район
Q1438662,82654000,Хасавюртовский район
Q1439224,82655000,Хивский район
Q1394899,82656000,Хунзахский район
Q2556844,82657000,Цумадинский район
Q1438529,82658000,Цунтинский район
Q1439010,82659000,Чародинский район
Q16638662,82701000,Городской округ город Махачкала
Q16638626,82705000,Городской округ город Буйнакск
Q16638631,82710000,Городской округ город Дербент
Q16638634,82715000,Городской округ Избербаш
Q16638640,82720000,Городской округ город Каспийск
Q16638645,82725000,Городской округ город Кизилюрт
Q16638648,82730000,Городской округ город Кизляр
Q16638683,82735000,Городской округ город Хасавюрт
Q16638686,82738000,Городской округ город Южно-Сухокумск
Q5267,83000000,Кабардино-Балкария
Q789075,83610000,Баксанский район
Q922636,83615000,Зольский район
Q933100,83618000,Лескенский район
Q26007,83620000,Майский район
Q367382,83625000,Прохладненский район
Q871842,83630000,Черекский район
Q372178,83635000,Терский район
Q1049112,83640000,Урванский район
Q870979,83645000,Чегемский район
Q19262,83648000,Эльбрусский район
Q19908781,83701000,Городской округ Нальчик
Q16638624,83703000,Городской округ город Баксан
Q17462387,83710000,Городской округ город Прохладный
Q5971,84000000,Республика Алтай
Q663124,84610000,Кош-Агачский район
Q301354,84615000,Майминский район
Q430586,84620000,Онгудайский район
Q1043231,84625000,Турочакский район
Q977262,84630000,Улаганский район
Q1042481,84635000,Усть-Канский район
Q282849,84640000,Усть-Коксинский район
Q871445,84643000,Чемальский район
Q588152,84645000,Чойский район
Q648958,84650000,Шебалинский район
Q15190372,84701000,Городской округ Горно-Алтайск
Q3953,85000000,Калмыкия
Q620612,85605000,Городовиковский район
Q717142,85610000,Ики-Бурульский район
Q2541883,85615000,Лаганский район
Q717148,85620000,Малодербетовский район
Q417733,85623000,Октябрьский район
Q717137,85625000,Кетченеровский район
Q717132,85628000,Приютненский район
Q717145,85632000,Сарпинский район
Q717223,85637000,Целинный район
Q717128,85642000,Черноземельский район
Q717233,85646000,Юстинский район
Q717121,85650000,Яшалтинский район
Q717061,85654000,Яшкульский район
Q4145683,85701000,Городской округ город Элиста
Q1914,86000000,Карелия
Q283817,86510000,Сортавальский район
Q792506,86604000,Беломорский район
Q1036077,86609000,Калевальский район
Q1036089,86612000,Кемский район
Q1036102,86615000,Кондопожский район
Q934100,86618000,Лахденпохский район
Q255728,86621000,Лоухский район
Q542227,86624000,Медвежьегорский район
Q368265,86627000,Муезерский район
Q303974,86630000,Олонецкий район
Q770038,86633000,Питкярантский муниципальный округ
Q1036155,86636000,Прионежский район
Q1036164,86639000,Пряжинский район
Q1036166,86642000,Пудожский район
Q1036167,86645000,Сегежский район
Q1036174,86650000,Суоярвский район
Q4361459,86701000,Петрозаводский городской округ
Q4235496,86706000,Костомукшский муниципальный округ
Q2073,87000000,Республика Коми
Q666333,87604000,Ижемский район
Q1089789,87608000,Княжпогостский район
Q1089799,87612000,Койгородский район
Q1089804,87616000,Корткеросский район
Q1075092,87620000,Печора
Q1089793,87624000,Прилузский район
Q1075102,87626000,Сосногорск
Q971478,87628000,Сыктывдинский район
Q1089781,87632000,Сысольский район
Q924672,87636000,Троицко-Печорский район
Q2279973,87640000,Удорский район
Q928897,87644000,Усть-Вымский район
Q70280,87648000,Усть-Куломский район
Q1089785,87652000,Усть-Цилемский район
Q3744966,87701000,Сыктывкар
Q1394087,87710000,Муниципальное образование городского округа «Воркута»
Q1075082,87712000,Вуктыл
Q2623326,87715000,Городской округ Инта
Q3484484,87723000,Усинск
Q2602523,87725000,Ухта
Q5446,88000000,Марий Эл
Q138963,88604000,Волжский район
Q312438,88608000,Горномарийский район
Q138958,88612000,Звениговский район
Q394362,88616000,Килемарский район
Q2626798,88620000,Куженерский район
Q1094946,88624000,Мари-Турекский район
Q138954,88628000,Медведевский район
Q2626792,88632000,Моркинский район
Q2626817,88636000,Новоторъяльский район
Q2626782,88640000,Оршанский район
Q40253,88644000,Параньгинский район
Q40255,88648000,Сернурский район
Q138530,88652000,Советский район
Q171979,88656000,Юринский район
Q18055588,88701000,город Йошкар-Ола
Q21485709,88705000,Городской округ «Город Волжск»
Q21485543,88715000,Городской округ «Город Козьмодемьянск»
Q5340,89000000,Мордовия
Q776707,89603000,Ардатовский район
Q780942,89605000,Атюрьевский район
Q780922,89607000,Атяшевский район
Q778760,89610000,Большеберезниковский район
Q673928,89613000,Большеигнатовский район
Q249858,89616000,Дубёнский район
Q408606,89618000,Ельниковский район
Q1049529,89621000,Зубово-Полянский район
Q1049536,89624000,Инсарский район
Q940340,89626000,Ичалковский район
Q408613,89628000,Кадошкинский район
Q731549,89629000,Ковылкинский район
Q536663,89631000,Кочкуровский район
Q857821,89634000,Краснослободский район
Q629421,89637000,Лямбирский район
Q643611,89640000,Ромодановский район
Q264302,89643000,Рузаевский район
Q940925,89646000,Старошайговский район
Q643604,89649000,Темниковский район
Q671903,89651000,Теньгушевский район
Q857493,89654000,Торбеевский район
Q857481,89657000,Чамзинский район
Q4145676,89701000,Городской округ Саранск
Q5237,90000000,Северная Осетия — Алания
Q575047,90605000,Алагирский район
Q639925,90610000,Ардонский район
Q639845,90615000,Дигорский район
Q371686,90620000,Ирафский район
Q934566,90625000,Кировский район
Q639857,90630000,Моздокский район
Q263946,90635000,Правобережный район
Q585279,90640000,Пригородный район
Q28589810,90701000,Городской округ «Город Владикавказ»
Q5328,91000000,Карачаево-Черкесия
Q479354,91601000,Абазинский район
Q503922,91603000,Адыге-Хабльский район
Q40338,91610000,Зеленчукский район
Q1049128,91615000,Карачаевский район
Q40326,91620000,Малокарачаевский район
Q938342,91623000,Ногайский район
Q40330,91625000,Прикубанский район
Q1049108,91630000,Урупский район
Q40335,91635000,Усть-Джегутинский район
Q40331,91640000,Хабезский район
Q20659213,91701000,Черкесский городской округ
Q26234556,91705000,Карачаевский городской округ
Q5481,92000000,Татарстан
Q518958,92601000,Агрызский район
Q2988097,92602000,Азнакаевский район
Q594218,92604000,Аксубаевский район
Q621068,92605000,Актанышский район
Q2603517,92606000,Алексеевский район
Q2988077,92607000,Алькеевский район
Q2723449,92608000,Альметьевский район
Q2220531,92610000,Апастовский район
Q375561,92612000,Арский район
Q2220478,92613000,Атнинский район
Q2220393,92614000,Бавлинский район
Q2670313,92615000,Балтасинский район
Q2220427,92617000,Бугульминский район
Q2664289,92618000,Буинский район
Q2220436,92620000,Верхнеуслонский район
Q2220459,92622000,Высокогорский район
Q2640728,92624000,Дрожжановский район
Q2220404,92626000,Елабужский район
Q2719249,92627000,Заинский район
Q2220520,92628000,Зеленодольский район
Q517512,92629000,Кайбицкий район
Q2219934,92630000,Камско-Устьинский район
Q2631562,92632000,Спасский район
Q2670304,92633000,Кукморский район
Q2219922,92634000,Лаишевский район
Q2220365,92636000,Лениногорский район
Q158071,92638000,Мамадышский район
Q620746,92639000,Менделеевский район
Q2220351,92640000,Мензелинский район
Q2220496,92642000,Муслюмовский район
Q2220488,92644000,Нижнекамский район
Q2220384,92645000,Новошешминский район
Q2990363,92646000,Нурлатский район
Q2657859,92648000,Пестречинский район
Q2220342,92650000,Рыбно-Слободский район
Q2220508,92652000,Сабинский район
Q2219972,92653000,Сармановский район
Q2988024,92654000,Ютазинский район
Q2670322,92655000,Тетюшский район
Q2220375,92656000,Тюлячинский район
Q2627322,92657000,Тукаевский район
Q2990354,92658000,Черемшанский район
Q2670318,92659000,Чистопольский район
Q37804163,92701000,Городской округ город Казань
Q10796957,92730000,Городской округ город Набережные Челны
Q960,93000000,Тыва
Q540299,93605000,Бай-Тайгинский кожуун
Q791054,93610000,Барун-Хемчикский кожуун
Q912238,93615000,Дзун-Хемчикский кожуун
Q918386,93620000,Каа-Хемский кожуун
Q979903,93622000,Кызылский кожуун
Q1042869,93625000,Монгун-Тайгинский кожуун
Q932033,93630000,Овюрский кожуун
Q918392,93635000,Пий-Хемский кожуун
Q855600,93638000,Сут-Хольский кожуун
Q855642,93640000,Тандинский кожуун
Q373370,93643000,Тере-Хольский кожуун
Q610319,93645000,Тес-Хемский кожуун
Q1322009,93650000,Тоджинский кожуун
Q918362,93654000,Улуг-Хемский кожуун
Q855580,93656000,Чаа-Хольский кожуун
Q855554,93657000,Чеди-Хольский кожуун
Q855632,93658000,Эрзинский кожуун
Q5422,94000000,Удмуртия
Q518096,94506000,Вавожский район
Q1093979,94522000,Каракулинский район
Q639949,94524000,Кезский район
Q1094031,94530000,Красногорский район
Q1093973,94544000,Увинский район
Q516355,94602000,Алнашский район
Q639917,94604000,Балезинский район
Q1535674,94610000,Глазовский район
Q378881,94612000,Граховский район
Q639886,94614000,Дебёсский район
Q639906,94616000,Завьяловский район
Q639973,94620000,Камбарский район
Q1092396,94626000,Кизнерский район
Q639877,94628000,Киясовский район
Q639970,94633000,Малопургинский район
Q1094022,94635000,Можгинский район
Q589335,94637000,Сарапульский район
Q1094048,94639000,Селтинский район
Q1092435,94641000,Сюмсинский район
Q1093987,94646000,Шарканский район
Q1094041,94648000,Юкаменский район
Q1094014,94652000,Ярский район
Q4139445,94720000,Глазов
Q6543,95000000,Хакасия
Q680895,95605000,Алтайский район
Q779443,95608000,Аскизский район
Q528469,95612000,Бейский район
Q751058,95615000,Боградский район
Q921926,95620000,Орджоникидзевский район
Q1043141,95625000,Таштыпский район
Q1043106,95630000,Усть-Абаканский район
Q1043148,95635000,Ширинский район
Q18405917,95701000,Городской округ город Абакан
Q19908728,95702000,Городской округ город Абаза
Q18405941,95708000,Городской округ город Саяногорск
Q18405943,95709000,Городской округ город Сорск
Q19908776,95715000,Городской округ город Черногорск
Q5187,96000000,Чечня
Q482011,96602000,Ачхой-Мартановский район
Q660676,96604000,Веденский район
Q1027864,96607000,Грозненский район
Q657598,96610000,Гудермесский район
Q933085,96611000,Итум-Калинский район
Q659105,96612000,Курчалоевский район
Q856368,96616000,Надтеречный район
Q1026766,96622000,Наурский район
Q1026761,96625000,Ножай-Юртовский район
Q856410,96628000,Шатойский район
Q856394,96631000,Серноводский район
Q1026606,96634000,Урус-Мартановский район
Q928616,96637000,Шалинский район
Q1026803,96640000,Шелковской район
Q933069,96691000,Шаройский район
Q4144847,96701000,Город Грозный
Q4144843,96702000,Город Аргун
Q5466,97000000,Чувашия
Q2626763,97538000,Урмарский район
Q2626776,97544000,Чебоксарский район
Q2634223,97553000,Ядринский район
Q2626827,97558000,Янтиковский район
Q576137,97603000,Алатырский район
Q2341068,97605000,Аликовский район
Q549412,97607000,Батыревский район
Q2997177,97610000,Вурнарский район
Q2534930,97613000,Ибресинский район
Q2626554,97616000,Канашский район
Q2627366,97619000,Козловский район
Q2627332,97621000,Комсомольский район
Q2631555,97624000,Красноармейский район
Q2997172,97626000,Красночетайский район
Q2426590,97629000,Мариинско-Посадский район
Q2421128,97632000,Моргаушский район
Q1076148,97635000,Порецкий район
Q2626804,97641000,Цивильский район
Q659391,97647000,Шемуршинский район
Q2626785,97655000,Яльчикский район
Q28589804,97701000,Городской округ город Чебоксары
Q24939370,97710000,Городской округ город Новочебоксарск
Q6605,98000000,Якутия
Q480278,98601000,Абыйский улус
Q593548,98603000,Алданский район
Q639819,98604000,Таттинский улус
Q654548,98606000,Аллаиховский улус
Q694932,98608000,Амгинский улус
Q698261,98610000,Анабарский улус
Q572266,98612000,Булунский улус
Q1194675,98614000,Верхневилюйский улус
Q1094029,98615000,Верхнеколымский улус
Q1094346,98616000,Верхоянский район
Q601601,98618000,Вилюйский улус
Q606837,98620000,Горный улус
Q639978,98622000,Жиганский район
Q734349,98624000,Кобяйский улус
Q639808,98626000,Нюрбинский район
Q511506,98627000,Ленский район
Q1094910,98629000,Мегино-Кангаласский улус
Q1094915,98631000,Мирнинский район
Q1079519,98633000,Момский район
Q1094044,98635000,Намский улус
Q764931,98637000,Нижнеколымский район
Q569987,98639000,Оймяконский улус
Q547162,98641000,Олёкминский район
Q1073180,98642000,Оленёкский район
Q1033514,98644000,Хангаласский улус
Q1094350,98646000,Среднеколымский улус
Q570186,98648000,Сунтарский улус
Q1094037,98650000,Томпонский район
Q1073189,98652000,Усть-Алданский улус
Q1094018,98654000,Усть-Майский улус
Q1194681,98656000,Усть-Янский улус
Q375163,98658000,Чурапчинский улус
Q993691,98659000,Эвено-Бытантайский улус
Q857552,98660000,Нерюнгринский район
Q18405912,98701000,Городской округ «Город Якутск»
Q7730,99000000,Еврейская автономная область
Q804001,99605000,Биробиджанский район
Q1045010,99610000,Ленинский район
Q1070137,99620000,Облученский район
Q935219,99625000,Октябрьский район
Q617041,99630000,Смидовичский район
Q27061857,99701000,Городской округ Биробиджан
